id,report_id,row_order,reservoir_or_channel,today,last_year,avg_last_5_years,avg_last_10_years,variation_percent,variation_trend,variation_band,recorded_date
1,1,1,Tarbela,25.0,10.0,21.0,19.4,19.0,increase,0-25,2026-03-31
2,1,2,Mangla,22.0,15.0,21.6,26.9,2.0,increase,0-25,2026-03-31
3,1,3,Chashma,35.0,32.0,30.8,32.5,14.0,increase,0-25,2026-03-31
4,1,4,C-J Link,0.0,0.0,0.0,2.1,0.0,neutral,0-25,2026-03-31
5,1,5,CRBC,1.7,3.7,2.3,2.4,-28.0,decrease,25-50,2026-03-31
6,63,1,Tarbela,20.0,10.0,19.7,17.8,2.0,increase,0-25,2026-04-01
7,63,2,Mangla,22.0,15.0,21.0,25.7,5.0,increase,0-25,2026-04-01
8,63,3,Chashma,35.0,32.0,35.4,33.8,-1.0,decrease,0-25,2026-04-01
9,63,4,C-J Link,0.0,0.0,0.0,2.1,0.0,neutral,0-25,2026-04-01
10,63,5,CRBC,1.5,3.7,2.4,2.5,-38.0,decrease,25-50,2026-04-01
11,64,1,Tarbela,15.0,15.0,15.5,16.0,-3.0,decrease,0-25,2026-04-02
12,64,2,Mangla,20.0,15.0,20.0,24.9,0.0,neutral,0-25,2026-04-02
13,64,3,Chashma,40.0,32.0,33.7,33.3,19.0,increase,0-25,2026-04-02
14,64,4,C-J Link,0.0,0.0,0.0,2.1,0.0,neutral,0-25,2026-04-02
15,64,5,CRBC,1.1,3.7,2.6,2.7,-58.0,decrease,>50,2026-04-02
16,65,1,Tarbela,10.0,15.0,15.3,16.4,-35.0,decrease,25-50,2026-04-03
17,65,2,Mangla,17.0,15.0,20.0,24.6,-15.0,decrease,0-25,2026-04-03
18,65,3,Chashma,40.0,32.0,32.1,31.9,25.0,increase,0-25,2026-04-03
19,65,4,C-J Link,0.0,0.0,0.0,1.7,0.0,neutral,0-25,2026-04-03
20,65,5,CRBC,0.4,3.8,2.8,2.8,-86.0,decrease,>50,2026-04-03
21,66,1,Tarbela,10.0,20.0,16.2,17.3,-38.0,decrease,25-50,2026-04-04
22,66,2,Mangla,10.4,15.0,19.6,25.0,-47.0,decrease,25-50,2026-04-04
23,66,3,Chashma,52.7,32.0,31.8,31.9,66.0,increase,>50,2026-04-04
24,66,4,C-J Link,0.0,0.0,0.0,1.1,0.0,neutral,0-25,2026-04-04
25,66,5,CRBC,0.1,3.9,3.0,2.8,-97.0,decrease,>50,2026-04-04
26,30,1,Tarbela,8.0,20.0,20.3,19.3,-61.0,decrease,>50,2026-04-05
27,30,2,Mangla,8.3,15.0,19.6,24.3,-58.0,decrease,>50,2026-04-05
28,30,3,Chashma,69.5,32.0,30.6,33.8,127.0,increase,>50,2026-04-05
29,30,4,C-J Link,1.1,0.0,0.0,0.4,0.0,increase,0-25,2026-04-05
30,30,5,CRBC,0.0,3.9,3.0,2.8,-100.0,decrease,>50,2026-04-05
31,67,1,Tarbela,8.0,20.0,22.3,19.3,-64.0,decrease,>50,2026-04-06
32,67,2,Mangla,7.0,15.0,24.0,28.5,-71.0,decrease,>50,2026-04-06
33,67,3,Chashma,99.5,32.0,33.6,43.9,196.0,increase,>50,2026-04-06
34,67,4,C-J Link,7.2,0.0,0.0,0.0,0.0,increase,0-25,2026-04-06
35,67,5,CRBC,0.0,3.9,3.0,2.8,-100.0,decrease,>50,2026-04-06
36,68,1,Tarbela,8.0,20.0,23.9,20.8,-67.0,decrease,>50,2026-04-08
37,68,2,Mangla,7.0,15.0,25.0,29.1,-72.0,decrease,>50,2026-04-08
38,68,3,Chashma,40.0,32.0,34.1,39.5,17.0,increase,0-25,2026-04-08
39,68,4,C-J Link,11.8,0.0,0.0,0.0,0.0,increase,0-25,2026-04-08
40,68,5,CRBC,0.0,2.6,2.7,2.6,-100.0,decrease,>50,2026-04-08
41,69,1,Tarbela,8.0,25.0,25.4,21.5,-68.0,decrease,>50,2026-04-09
42,69,2,Mangla,7.0,17.0,25.2,29.6,-72.0,decrease,>50,2026-04-09
43,69,3,Chashma,73.7,32.0,33.9,39.9,118.0,increase,>50,2026-04-09
44,69,4,C-J Link,15.0,0.0,0.0,0.0,0.0,increase,0-25,2026-04-09
45,69,5,CRBC,0.0,1.8,2.5,2.6,-100.0,decrease,>50,2026-04-09
46,70,1,Tarbela,8.0,25.0,25.9,25.1,-69.0,decrease,>50,2026-04-10
47,70,2,Mangla,7.0,17.0,25.2,29.3,-72.0,decrease,>50,2026-04-10
48,70,3,Chashma,123.7,32.0,34.9,40.2,254.0,increase,>50,2026-04-10
49,70,4,C-J Link,15.0,0.0,0.0,0.0,0.0,increase,0-25,2026-04-10
50,70,5,CRBC,0.0,1.3,2.5,2.6,-100.0,decrease,>50,2026-04-10
51,71,1,Tarbela,8.0,25.0,27.0,27.3,-70.0,decrease,>50,2026-04-11
52,71,2,Mangla,7.0,17.0,29.0,29.1,-76.0,decrease,>50,2026-04-11
53,71,3,Chashma,75.3,38.0,35.6,41.0,112.0,increase,>50,2026-04-11
54,71,4,C-J Link,15.0,0.0,0.0,0.0,0.0,increase,0-25,2026-04-11
55,71,5,CRBC,0.1,2.4,2.8,2.8,-95.0,decrease,>50,2026-04-11
56,72,1,Tarbela,8.0,20.0,23.5,27.9,-66.0,decrease,>50,2026-04-12
57,72,2,Mangla,7.7,17.0,29.4,30.3,-74.0,decrease,>50,2026-04-12
58,72,3,Chashma,47.2,39.0,35.8,42.4,32.0,increase,25-50,2026-04-12
59,72,4,C-J Link,15.0,0.0,0.0,0.0,0.0,increase,0-25,2026-04-12
60,72,5,CRBC,0.6,3.5,3.2,3.1,-81.0,decrease,>50,2026-04-12
61,73,1,Tarbela,8.0,20.0,25.9,28.1,-69.0,decrease,>50,2026-04-13
62,73,2,Mangla,8.0,17.0,31.4,31.8,-75.0,decrease,>50,2026-04-13
63,73,3,Chashma,42.6,39.0,36.2,43.6,18.0,increase,0-25,2026-04-13
64,73,4,C-J Link,14.4,0.0,0.0,0.1,0.0,increase,0-25,2026-04-13
65,73,5,CRBC,1.0,3.9,3.3,3.1,-71.0,decrease,>50,2026-04-13
66,23,1,Tarbela,8.0,20.0,24.8,27.6,-68.0,decrease,>50,2026-04-16
67,23,2,Mangla,15.0,17.0,34.4,33.6,-56.0,decrease,>50,2026-04-16
68,23,3,Chashma,35.0,39.0,45.8,49.6,-24.0,decrease,0-25,2026-04-16
69,23,4,C-J Link,5.1,0.0,0.0,0.3,0.0,increase,0-25,2026-04-16
70,23,5,CRBC,2.0,4.1,2.8,2.8,-29.0,decrease,25-50,2026-04-16
71,24,1,Tarbela,30.0,20.0,23.3,25.2,29.0,increase,25-50,2026-04-17
72,24,2,Mangla,15.0,25.0,34.6,32.2,-57.0,decrease,>50,2026-04-17
73,24,3,Chashma,45.0,41.0,59.2,61.1,-24.0,decrease,0-25,2026-04-17
74,24,4,C-J Link,0.8,0.0,0.4,0.5,0.0,increase,0-25,2026-04-17
75,24,5,CRBC,2.0,4.1,2.8,2.8,-29.0,decrease,25-50,2026-04-17
76,74,1,Tarbela,30.0,20.0,23.7,25.4,26.0,increase,25-50,2026-04-18
77,74,2,Mangla,20.0,25.0,33.1,31.1,-40.0,decrease,25-50,2026-04-18
78,74,3,Chashma,50.0,49.0,58.6,60.5,-15.0,decrease,0-25,2026-04-18
79,74,4,C-J Link,0.0,0.0,1.0,0.6,-100.0,decrease,>50,2026-04-18
80,74,5,CRBC,2.0,4.1,2.8,2.7,-27.0,decrease,25-50,2026-04-18
81,75,1,Tarbela,30.0,20.0,20.7,25.0,45.0,increase,25-50,2026-04-19
82,75,2,Mangla,25.8,25.0,32.2,31.5,-20.0,decrease,0-25,2026-04-19
83,75,3,Chashma,52.0,54.0,58.6,61.1,-11.0,decrease,0-25,2026-04-19
84,75,4,C-J Link,0.0,0.0,1.0,0.5,-100.0,decrease,>50,2026-04-19
85,75,5,CRBC,1.9,4.1,2.6,2.6,-25.0,decrease,0-25,2026-04-19
86,25,1,Tarbela,30.0,20.0,20.1,24.5,50.0,increase,25-50,2026-04-20
87,25,2,Mangla,30.0,25.0,32.2,31.1,-7.0,decrease,0-25,2026-04-20
88,25,3,Chashma,54.9,54.0,49.4,63.9,11.0,increase,0-25,2026-04-20
89,25,4,C-J Link,0.5,0.0,1.4,0.7,-63.0,decrease,>50,2026-04-20
90,25,5,CRBC,1.8,4.1,2.4,2.5,-25.0,decrease,0-25,2026-04-20
91,76,1,Tarbela,30.0,20.0,21.6,23.7,39.0,increase,25-50,2026-04-21
92,76,2,Mangla,30.0,20.0,33.2,32.2,-10.0,decrease,0-25,2026-04-21
93,76,3,Chashma,72.6,56.0,51.6,61.2,41.0,increase,25-50,2026-04-21
94,76,4,C-J Link,1.0,0.0,1.8,0.9,-44.0,decrease,25-50,2026-04-21
95,76,5,CRBC,1.8,4.1,2.4,2.5,-25.0,decrease,0-25,2026-04-21
96,77,1,Tarbela,30.0,40.0,24.4,27.3,23.0,increase,0-25,2026-04-23
97,77,2,Mangla,35.0,20.0,30.8,30.7,14.0,increase,0-25,2026-04-23
98,77,3,Chashma,67.0,61.0,61.6,65.9,9.0,increase,0-25,2026-04-23
99,77,4,C-J Link,0.0,0.0,1.8,0.9,-100.0,decrease,>50,2026-04-23
100,77,5,CRBC,2.2,4.1,2.7,2.8,-19.0,decrease,0-25,2026-04-23
101,78,1,Tarbela,40.0,40.0,24.1,27.6,66.0,increase,>50,2026-04-24
102,78,2,Mangla,35.0,20.0,30.8,30.7,14.0,increase,0-25,2026-04-24
103,78,3,Chashma,67.0,61.0,54.6,61.7,23.0,increase,0-25,2026-04-24
104,78,4,C-J Link,0.0,0.0,2.0,1.0,-100.0,decrease,>50,2026-04-24
105,78,5,CRBC,2.4,4.1,2.9,2.9,-18.0,decrease,0-25,2026-04-24
106,79,1,Tarbela,50.0,40.0,24.7,28.2,102.0,increase,>50,2026-04-25
107,79,2,Mangla,35.0,20.0,32.6,32.6,7.0,increase,0-25,2026-04-25
108,79,3,Chashma,67.0,61.0,54.6,62.0,23.0,increase,0-25,2026-04-25
109,79,4,C-J Link,0.0,0.0,1.8,0.9,-100.0,decrease,>50,2026-04-25
110,79,5,CRBC,2.6,4.1,3.0,3.0,-12.0,decrease,0-25,2026-04-25
111,80,1,Tarbela,47.0,43.3,28.4,34.7,65.0,increase,>50,2026-04-26
112,80,2,Mangla,35.0,32.0,36.0,35.3,-3.0,decrease,0-25,2026-04-26
113,80,3,Chashma,75.0,61.0,55.0,63.7,36.0,increase,25-50,2026-04-26
114,80,4,C-J Link,0.0,0.0,1.2,0.6,-100.0,decrease,>50,2026-04-26
115,80,5,CRBC,2.9,4.1,3.1,3.1,-8.0,decrease,0-25,2026-04-26
116,26,1,Tarbela,45.0,46.7,31.7,38.6,42.0,increase,25-50,2026-04-27
117,26,2,Mangla,35.0,32.0,36.0,35.4,-3.0,decrease,0-25,2026-04-27
118,26,3,Chashma,80.0,61.0,54.2,62.7,48.0,increase,25-50,2026-04-27
119,26,4,C-J Link,0.0,0.0,1.0,0.5,-100.0,decrease,>50,2026-04-27
120,26,5,CRBC,3.1,4.1,3.0,3.0,5.0,increase,0-25,2026-04-27
121,27,1,Tarbela,45.0,45.0,30.1,39.0,50.0,increase,25-50,2026-04-28
122,27,2,Mangla,40.0,32.0,35.6,35.9,12.0,increase,0-25,2026-04-28
123,27,3,Chashma,80.0,61.0,52.6,63.3,52.0,increase,>50,2026-04-28
124,27,4,C-J Link,0.0,0.0,1.0,0.7,-100.0,decrease,>50,2026-04-28
125,27,5,CRBC,3.2,4.1,2.9,3.1,12.0,increase,0-25,2026-04-28
126,28,1,Tarbela,45.0,45.0,30.6,42.3,47.0,increase,25-50,2026-04-29
127,28,2,Mangla,40.0,32.0,37.0,38.2,8.0,increase,0-25,2026-04-29
128,28,3,Chashma,80.0,61.0,56.7,68.1,41.0,increase,25-50,2026-04-29
129,28,4,C-J Link,0.0,0.0,1.5,1.8,-100.0,decrease,>50,2026-04-29
130,28,5,CRBC,3.1,4.1,2.9,3.1,7.0,increase,0-25,2026-04-29
131,29,1,Tarbela,45.0,45.0,32.1,44.1,40.0,increase,25-50,2026-04-30
132,29,2,Mangla,40.0,32.0,35.6,37.6,12.0,increase,0-25,2026-04-30
133,29,3,Chashma,80.0,61.0,55.5,66.9,44.0,increase,25-50,2026-04-30
134,29,4,C-J Link,0.0,0.0,2.0,2.5,-100.0,decrease,>50,2026-04-30
135,29,5,CRBC,3.0,4.1,3.1,3.3,-3.0,decrease,0-25,2026-04-30
136,82,1,Tarbela,50.0,52.1,34.7,47.0,44.0,increase,25-50,2026-05-01
137,82,2,Mangla,40.0,32.0,35.0,37.8,14.0,increase,0-25,2026-05-01
138,82,3,Chashma,84.0,76.0,62.9,76.0,34.0,increase,25-50,2026-05-01
139,82,4,C-J Link,1.3,0.0,1.8,2.4,-31.0,decrease,25-50,2026-05-01
140,82,5,CRBC,3.2,4.1,3.2,3.4,-1.0,decrease,0-25,2026-05-01
141,31,1,Tarbela,50.0,55.0,36.0,50.0,39.0,increase,25-50,2026-05-02
142,31,2,Mangla,40.0,32.0,35.9,38.7,12.0,increase,0-25,2026-05-02
143,31,3,Chashma,84.0,76.0,64.5,76.7,30.0,increase,25-50,2026-05-02
144,31,4,C-J Link,5.2,0.0,0.9,1.9,488.0,increase,>50,2026-05-02
145,31,5,CRBC,3.4,4.1,3.2,3.5,4.0,increase,0-25,2026-05-02
146,32,1,Tarbela,50.0,55.0,36.4,50.7,37.0,increase,25-50,2026-05-03
147,32,2,Mangla,36.0,32.0,37.1,38.6,-3.0,decrease,0-25,2026-05-03
148,32,3,Chashma,84.0,78.0,65.5,77.7,28.0,increase,25-50,2026-05-03
149,32,4,C-J Link,5.4,0.0,0.2,1.6,2361.0,increase,>50,2026-05-03
150,32,5,CRBC,3.4,4.1,3.2,3.5,5.0,increase,0-25,2026-05-03
151,33,1,Tarbela,50.0,55.0,37.6,51.8,33.0,increase,25-50,2026-05-04
152,33,2,Mangla,36.0,32.0,39.1,39.7,-8.0,decrease,0-25,2026-05-04
153,33,3,Chashma,84.0,85.0,72.0,80.1,17.0,increase,0-25,2026-05-04
154,33,4,C-J Link,5.4,0.0,0.0,1.6,0.0,increase,0-25,2026-05-04
155,33,5,CRBC,3.5,4.1,3.2,3.4,9.0,increase,0-25,2026-05-04
156,81,1,Tarbela,50.0,50.0,41.7,54.9,20.0,increase,0-25,2026-05-05
157,81,2,Mangla,36.0,32.0,38.1,39.3,-6.0,decrease,0-25,2026-05-05
158,81,3,Chashma,84.0,85.0,73.9,80.5,14.0,increase,0-25,2026-05-05
159,81,4,C-J Link,5.4,0.6,0.1,1.6,4612.0,increase,>50,2026-05-05
160,81,5,CRBC,3.5,4.1,3.3,3.5,5.0,increase,0-25,2026-05-05
161,83,1,Tarbela,50.0,50.0,43.3,55.7,15.0,increase,0-25,2026-05-06
162,83,2,Mangla,34.0,32.0,39.1,41.5,-13.0,decrease,0-25,2026-05-06
163,83,3,Chashma,84.0,85.0,75.4,85.1,11.0,increase,0-25,2026-05-06
164,83,4,C-J Link,5.4,4.6,0.9,2.0,491.0,increase,>50,2026-05-06
165,83,5,CRBC,3.5,4.1,3.4,3.5,4.0,increase,0-25,2026-05-06
166,34,1,Tarbela,60.0,70.0,46.8,56.7,28.0,increase,25-50,2026-05-07
167,34,2,Mangla,32.0,32.0,40.1,43.5,-20.0,decrease,0-25,2026-05-07
168,34,3,Chashma,100.0,102.0,80.0,87.4,25.0,increase,0-25,2026-05-07
169,34,4,C-J Link,5.4,5.0,1.0,2.0,440.0,increase,>50,2026-05-07
170,34,5,CRBC,3.6,4.1,3.5,3.6,4.0,increase,0-25,2026-05-07
171,35,1,Tarbela,70.0,70.0,46.4,55.9,51.0,increase,>50,2026-05-08
172,35,2,Mangla,34.0,32.0,40.9,45.9,-17.0,decrease,0-25,2026-05-08
173,35,3,Chashma,100.0,102.0,81.4,88.1,23.0,increase,0-25,2026-05-08
174,35,4,C-J Link,5.4,7.4,1.5,2.2,263.0,increase,>50,2026-05-08
175,35,5,CRBC,3.7,4.1,3.6,3.7,2.0,increase,0-25,2026-05-08
176,85,1,Tarbela,70.0,70.0,48.4,56.8,45.0,increase,25-50,2026-05-09
177,85,2,Mangla,34.0,32.0,40.1,45.4,-15.0,decrease,0-25,2026-05-09
178,85,3,Chashma,100.0,102.0,81.4,88.1,23.0,increase,0-25,2026-05-09
179,85,4,C-J Link,5.4,10.0,2.0,2.5,170.0,increase,>50,2026-05-09
180,85,5,CRBC,3.7,3.9,3.6,3.7,4.0,increase,0-25,2026-05-09
181,87,1,Tarbela,70.0,70.0,52.8,60.1,33.0,increase,25-50,2026-05-10
182,87,2,Mangla,34.0,32.0,39.8,44.9,-15.0,decrease,0-25,2026-05-10
183,87,3,Chashma,100.0,102.0,81.8,88.9,22.0,increase,0-25,2026-05-10
184,87,4,C-J Link,5.4,10.0,2.0,2.5,170.0,increase,>50,2026-05-10
185,87,5,CRBC,3.7,3.4,3.5,3.7,3.0,increase,0-25,2026-05-10
186,89,1,Tarbela,70.0,82.0,61.4,63.3,14.0,increase,0-25,2026-05-11
187,89,2,Mangla,34.0,32.0,39.1,44.5,-13.0,decrease,0-25,2026-05-11
188,89,3,Chashma,100.0,114.0,88.0,95.0,14.0,increase,0-25,2026-05-11
189,89,4,C-J Link,5.4,10.0,2.0,2.5,170.0,increase,>50,2026-05-11
190,89,5,CRBC,3.6,3.7,3.5,3.7,2.0,increase,0-25,2026-05-11
191,36,1,Tarbela,70.0,82.0,66.4,65.8,5.0,increase,0-25,2026-05-12
192,36,2,Mangla,34.0,28.0,40.6,45.2,-16.0,decrease,0-25,2026-05-12
193,36,3,Chashma,100.0,114.0,90.5,95.8,11.0,increase,0-25,2026-05-12
194,36,4,C-J Link,5.4,10.0,2.0,2.5,170.0,increase,>50,2026-05-12
195,36,5,CRBC,3.6,3.8,3.4,3.6,7.0,increase,0-25,2026-05-12
196,90,1,Tarbela,70.0,82.0,69.2,66.1,1.0,increase,0-25,2026-05-13
197,90,2,Mangla,34.0,28.0,40.9,44.2,-17.0,decrease,0-25,2026-05-13
198,90,3,Chashma,100.0,114.0,98.3,98.3,2.0,increase,0-25,2026-05-13
199,90,4,C-J Link,5.4,10.0,2.0,2.5,170.0,increase,>50,2026-05-13
200,90,5,CRBC,3.6,3.8,3.6,3.8,1.0,increase,0-25,2026-05-13
201,37,1,Tarbela,70.0,82.0,69.5,67.2,1.0,increase,0-25,2026-05-14
202,37,2,Mangla,29.0,28.0,40.7,43.4,-29.0,decrease,25-50,2026-05-14
203,37,3,Chashma,105.0,114.0,97.6,101.3,8.0,increase,0-25,2026-05-14
204,37,4,C-J Link,6.4,10.0,2.2,2.6,186.0,increase,>50,2026-05-14
205,37,5,CRBC,3.6,3.8,3.7,3.8,-3.0,decrease,0-25,2026-05-14
206,91,1,Tarbela,70.0,82.0,64.6,62.8,8.0,increase,0-25,2026-05-15
207,91,2,Mangla,26.0,28.0,40.7,43.1,-36.0,decrease,25-50,2026-05-15
208,91,3,Chashma,105.0,114.0,101.8,102.7,3.0,increase,0-25,2026-05-15
209,91,4,C-J Link,10.5,10.0,3.0,3.0,252.0,increase,>50,2026-05-15
210,91,5,CRBC,3.6,3.8,3.7,3.8,-3.0,decrease,0-25,2026-05-15
211,92,1,Tarbela,70.0,82.0,77.4,73.6,-10.0,decrease,0-25,2026-05-17
212,92,2,Mangla,29.0,33.0,42.7,43.3,-32.0,decrease,25-50,2026-05-17
213,92,3,Chashma,105.0,114.0,103.2,107.1,2.0,increase,0-25,2026-05-17
214,92,4,C-J Link,10.5,15.0,5.0,4.0,109.0,increase,>50,2026-05-17
215,92,5,CRBC,3.5,4.2,3.9,3.9,-10.0,decrease,0-25,2026-05-17
216,38,1,Tarbela,70.0,100.0,80.0,78.0,-13.0,decrease,0-25,2026-05-18
217,38,2,Mangla,29.0,28.0,41.9,41.7,-31.0,decrease,25-50,2026-05-18
218,38,3,Chashma,105.0,134.0,107.8,110.7,-3.0,decrease,0-25,2026-05-18
219,38,4,C-J Link,10.5,15.9,5.2,4.1,103.0,increase,>50,2026-05-18
220,38,5,CRBC,3.5,4.3,3.7,3.8,-6.0,decrease,0-25,2026-05-18
221,39,1,Tarbela,70.0,133.1,88.6,85.4,-21.0,decrease,0-25,2026-05-20
222,39,2,Mangla,38.0,28.0,43.6,41.8,-13.0,decrease,0-25,2026-05-20
223,39,3,Chashma,105.0,149.0,115.1,114.9,-9.0,decrease,0-25,2026-05-20
224,39,4,C-J Link,7.9,17.1,4.9,4.4,62.0,increase,>50,2026-05-20
225,39,5,CRBC,3.7,4.3,3.9,3.9,-4.0,decrease,0-25,2026-05-20
226,62,1,Tarbela,70.0,128.2,88.6,87.7,-21.0,decrease,0-25,2026-05-21
227,62,2,Mangla,35.0,24.0,41.8,41.9,-16.0,decrease,0-25,2026-05-21
228,62,3,Chashma,115.0,173.0,123.9,123.6,-7.0,decrease,0-25,2026-05-21
229,62,4,C-J Link,7.3,17.1,4.3,4.1,69.0,increase,>50,2026-05-21
230,62,5,CRBC,3.7,4.4,3.9,4.0,-5.0,decrease,0-25,2026-05-21
231,93,1,Tarbela,70.0,140.0,90.0,91.0,-22.0,decrease,0-25,2026-05-22
232,93,2,Mangla,35.0,20.1,40.7,42.6,-14.0,decrease,0-25,2026-05-22
233,93,3,Chashma,115.0,173.0,120.4,121.9,-4.0,decrease,0-25,2026-05-22
234,93,4,C-J Link,10.5,17.1,4.4,4.2,138.0,increase,>50,2026-05-22
235,93,5,CRBC,3.6,4.4,4.0,4.0,-10.0,decrease,0-25,2026-05-22
236,94,1,Tarbela,70.0,140.0,87.6,90.4,-20.0,decrease,0-25,2026-05-23
237,94,2,Mangla,35.0,20.0,40.4,44.5,-13.0,decrease,0-25,2026-05-23
238,94,3,Chashma,115.0,173.0,122.8,123.6,-6.0,decrease,0-25,2026-05-23
239,94,4,C-J Link,10.5,17.1,4.4,4.2,138.0,increase,>50,2026-05-23
240,94,5,CRBC,3.5,4.4,4.0,4.0,-13.0,decrease,0-25,2026-05-23
241,40,1,Tarbela,70.0,140.0,86.1,88.7,-19.0,decrease,0-25,2026-05-24
242,40,2,Mangla,35.0,18.6,38.7,42.9,-10.0,decrease,0-25,2026-05-24
243,40,3,Chashma,120.0,173.0,119.8,123.1,0.0,increase,0-25,2026-05-24
244,40,4,C-J Link,10.5,17.1,4.5,4.2,134.0,increase,>50,2026-05-24
245,40,5,CRBC,3.6,4.4,4.0,4.0,-11.0,decrease,0-25,2026-05-24
246,41,1,Tarbela,70.0,126.9,90.4,92.0,-23.0,decrease,0-25,2026-05-25
247,41,2,Mangla,35.0,18.0,37.6,42.1,-7.0,decrease,0-25,2026-05-25
248,41,3,Chashma,120.0,173.0,121.1,123.8,-1.0,decrease,0-25,2026-05-25
249,41,4,C-J Link,10.5,17.1,4.6,4.3,130.0,increase,>50,2026-05-25
250,41,5,CRBC,3.6,4.4,4.0,4.1,-10.0,decrease,0-25,2026-05-25
251,95,1,Tarbela,80.0,155.0,94.7,92.6,-16.0,decrease,0-25,2026-05-26
252,95,2,Mangla,34.0,18.0,35.6,40.6,-5.0,decrease,0-25,2026-05-26
253,95,3,Chashma,120.0,183.0,130.9,133.3,-8.0,decrease,0-25,2026-05-26
254,95,4,C-J Link,10.5,17.1,5.5,4.7,91.0,increase,>50,2026-05-26
255,95,5,CRBC,3.6,4.4,4.0,4.1,-10.0,decrease,0-25,2026-05-26
256,96,1,Tarbela,85.0,155.0,96.4,91.2,-12.0,decrease,0-25,2026-05-27
257,96,2,Mangla,34.0,16.5,34.2,39.4,-1.0,decrease,0-25,2026-05-27
258,96,3,Chashma,115.0,183.0,133.6,135.6,-14.0,decrease,0-25,2026-05-27
259,96,4,C-J Link,10.5,17.1,6.3,5.1,66.0,increase,>50,2026-05-27
260,96,5,CRBC,3.5,4.4,3.9,4.0,-11.0,decrease,0-25,2026-05-27
261,97,1,Tarbela,90.0,155.0,98.5,92.9,-9.0,decrease,0-25,2026-05-28
262,97,2,Mangla,34.0,13.1,34.0,39.8,0.0,increase,0-25,2026-05-28
263,97,3,Chashma,115.0,183.0,131.7,134.6,-13.0,decrease,0-25,2026-05-28
264,97,4,C-J Link,10.5,17.6,6.8,5.4,54.0,increase,>50,2026-05-28
265,97,5,CRBC,3.5,4.4,3.9,4.0,-9.0,decrease,0-25,2026-05-28
266,42,1,Tarbela,90.0,155.0,101.8,96.9,-12.0,decrease,0-25,2026-05-29
267,42,2,Mangla,34.0,12.0,32.7,39.2,4.0,increase,0-25,2026-05-29
268,42,3,Chashma,115.0,183.0,130.6,133.4,-12.0,decrease,0-25,2026-05-29
269,42,4,C-J Link,10.5,17.6,7.2,5.6,45.0,increase,25-50,2026-05-29
270,42,5,CRBC,3.7,4.4,3.8,4.0,-4.0,decrease,0-25,2026-05-29
271,98,1,Tarbela,90.0,152.0,101.2,99.6,-11.0,decrease,0-25,2026-05-30
272,98,2,Mangla,34.0,10.8,31.5,37.0,8.0,increase,0-25,2026-05-30
273,98,3,Chashma,115.0,183.0,134.0,134.5,-14.0,decrease,0-25,2026-05-30
274,98,4,C-J Link,10.5,17.6,6.8,5.4,53.0,increase,>50,2026-05-30
275,98,5,CRBC,3.7,4.4,3.8,4.0,-3.0,decrease,0-25,2026-05-30
276,99,1,Tarbela,90.0,145.0,97.7,100.8,-8.0,decrease,0-25,2026-05-31
277,99,2,Mangla,34.0,17.9,32.6,37.4,4.0,increase,0-25,2026-05-31
278,99,3,Chashma,115.0,183.0,134.4,135.1,-14.0,decrease,0-25,2026-05-31
279,99,4,C-J Link,10.5,17.6,6.9,5.4,52.0,increase,>50,2026-05-31
280,99,5,CRBC,3.7,4.4,3.9,4.0,-4.0,decrease,0-25,2026-05-31
281,16,1,Tarbela,90.0,145.0,99.7,104.4,-10.0,decrease,0-25,2026-06-01
282,16,2,Mangla,34.0,25.0,38.0,38.8,-11.0,decrease,0-25,2026-06-01
283,16,3,Chashma,115.0,194.0,135.2,139.2,-15.0,decrease,0-25,2026-06-01
284,16,4,C-J Link,10.5,17.6,6.9,5.4,51.0,increase,>50,2026-06-01
285,16,5,CRBC,3.7,4.4,4.0,4.1,-8.0,decrease,0-25,2026-06-01
286,17,1,Tarbela,90.0,150.9,100.8,104.9,-11.0,decrease,0-25,2026-06-02
287,17,2,Mangla,34.0,25.0,39.4,38.5,-14.0,decrease,0-25,2026-06-02
288,17,3,Chashma,115.0,194.0,133.8,139.8,-14.0,decrease,0-25,2026-06-02
289,17,4,C-J Link,10.5,17.2,6.1,5.0,73.0,increase,>50,2026-06-02
290,17,5,CRBC,3.7,4.4,4.0,4.1,-7.0,decrease,0-25,2026-06-02
291,18,1,Tarbela,90.0,156.6,103.6,108.0,-13.0,decrease,0-25,2026-06-03
292,18,2,Mangla,34.0,25.0,36.9,36.8,-8.0,decrease,0-25,2026-06-03
293,18,3,Chashma,115.0,184.0,137.4,144.6,-16.0,decrease,0-25,2026-06-03
294,18,4,C-J Link,10.5,15.4,4.5,4.2,131.0,increase,>50,2026-06-03
295,18,5,CRBC,3.7,4.4,4.1,4.2,-9.0,decrease,0-25,2026-06-03
296,19,1,Tarbela,110.0,155.9,100.9,109.3,9.0,increase,0-25,2026-06-04
297,19,2,Mangla,29.0,25.0,35.7,35.7,-19.0,decrease,0-25,2026-06-04
298,19,3,Chashma,138.0,180.0,139.6,146.1,-1.0,decrease,0-25,2026-06-04
299,19,4,C-J Link,10.8,12.2,2.9,3.6,269.0,increase,>50,2026-06-04
300,19,5,CRBC,3.7,4.4,4.1,4.2,-10.0,decrease,0-25,2026-06-04
301,20,1,Tarbela,110.0,155.0,97.8,107.4,13.0,increase,0-25,2026-06-05
302,20,2,Mangla,29.0,35.0,39.1,37.9,-26.0,decrease,25-50,2026-06-05
303,20,3,Chashma,138.0,180.0,137.6,147.7,0.0,increase,0-25,2026-06-05
304,20,4,C-J Link,15.5,10.0,2.0,3.9,674.0,increase,>50,2026-06-05
305,20,5,CRBC,3.7,4.4,4.1,4.2,-10.0,decrease,0-25,2026-06-05
306,21,1,Tarbela,110.0,154.0,95.6,106.8,15.0,increase,0-25,2026-06-06
307,21,2,Mangla,29.0,33.6,39.6,38.3,-27.0,decrease,25-50,2026-06-06
308,21,3,Chashma,138.0,180.0,137.1,152.0,1.0,increase,0-25,2026-06-06
309,21,4,C-J Link,15.5,10.0,2.0,4.5,675.0,increase,>50,2026-06-06
310,21,5,CRBC,3.7,4.4,4.1,4.2,-9.0,decrease,0-25,2026-06-06
311,22,1,Tarbela,110.0,153.3,96.7,108.8,14.0,increase,0-25,2026-06-07
312,22,2,Mangla,29.0,30.0,38.6,36.8,-25.0,decrease,0-25,2026-06-07
313,22,3,Chashma,138.0,180.0,138.4,152.6,0.0,decrease,0-25,2026-06-07
314,22,4,C-J Link,15.5,10.0,2.0,4.5,675.0,increase,>50,2026-06-07
315,22,5,CRBC,3.7,4.4,4.0,4.2,-8.0,decrease,0-25,2026-06-07
316,2,1,Tarbela,110.0,152.6,99.4,113.2,11.0,increase,0-25,2026-06-08
317,2,2,Mangla,29.0,30.0,37.5,36.7,-23.0,decrease,0-25,2026-06-08
318,2,3,Chashma,150.0,180.0,139.9,153.7,7.0,increase,0-25,2026-06-08
319,2,4,C-J Link,15.5,10.0,2.0,4.5,675.0,increase,>50,2026-06-08
320,2,5,CRBC,3.7,4.4,3.9,4.1,-5.0,decrease,0-25,2026-06-08
321,3,1,Tarbela,125.0,152.0,100.5,114.3,24.0,increase,0-25,2026-06-09
322,3,2,Mangla,29.0,30.0,37.1,33.4,-22.0,decrease,0-25,2026-06-09
323,3,3,Chashma,150.0,170.0,137.6,155.6,9.0,increase,0-25,2026-06-09
324,3,4,C-J Link,15.0,10.0,2.0,4.3,650.0,increase,>50,2026-06-09
325,3,5,CRBC,3.7,4.4,3.9,4.1,-6.0,decrease,0-25,2026-06-09
326,4,1,Tarbela,137.1,151.3,106.6,116.2,29.0,increase,25-50,2026-06-10
327,4,2,Mangla,29.0,30.0,35.9,33.1,-19.0,decrease,0-25,2026-06-10
328,4,3,Chashma,178.0,170.0,140.7,158.1,27.0,increase,25-50,2026-06-10
329,4,4,C-J Link,15.0,10.0,2.0,4.2,650.0,increase,>50,2026-06-10
330,4,5,CRBC,3.7,4.4,4.0,4.2,-8.0,decrease,0-25,2026-06-10
331,5,1,Tarbela,140.0,150.7,113.4,118.5,24.0,increase,0-25,2026-06-11
332,5,2,Mangla,32.0,27.9,37.0,32.5,-13.0,decrease,0-25,2026-06-11
333,5,3,Chashma,180.0,170.0,146.7,161.4,23.0,increase,0-25,2026-06-11
334,5,4,C-J Link,15.0,10.0,2.0,4.2,650.0,increase,>50,2026-06-11
335,5,5,CRBC,3.7,4.4,4.0,4.2,-6.0,decrease,0-25,2026-06-11
336,6,1,Tarbela,140.0,150.5,115.1,122.6,22.0,increase,0-25,2026-06-12
337,6,2,Mangla,32.0,25.0,35.4,33.4,-10.0,decrease,0-25,2026-06-12
338,6,3,Chashma,180.0,170.0,153.9,170.6,17.0,increase,0-25,2026-06-12
339,6,4,C-J Link,15.0,10.0,2.0,4.2,650.0,increase,>50,2026-06-12
340,6,5,CRBC,3.8,4.4,4.0,4.2,-6.0,decrease,0-25,2026-06-12
341,7,1,Tarbela,144.2,150.7,111.9,123.3,29.0,increase,25-50,2026-06-13
342,7,2,Mangla,32.0,22.2,33.6,32.5,-5.0,decrease,0-25,2026-06-13
343,7,3,Chashma,200.0,170.0,153.8,170.5,30.0,increase,25-50,2026-06-13
344,7,4,C-J Link,15.0,10.0,2.0,4.6,650.0,increase,>50,2026-06-13
345,7,5,CRBC,3.7,4.4,4.0,4.2,-9.0,decrease,0-25,2026-06-13
346,8,1,Tarbela,146.6,151.0,114.6,127.8,28.0,increase,25-50,2026-06-14
347,8,2,Mangla,32.0,20.0,30.9,31.2,3.0,increase,0-25,2026-06-14
348,8,3,Chashma,200.0,170.0,158.0,174.1,27.0,increase,25-50,2026-06-14
349,8,4,C-J Link,15.0,10.0,2.0,5.8,650.0,increase,>50,2026-06-14
350,8,5,CRBC,3.6,4.5,4.1,4.3,-13.0,decrease,0-25,2026-06-14
351,9,1,Tarbela,146.5,151.4,115.4,130.7,27.0,increase,25-50,2026-06-15
352,9,2,Mangla,32.0,20.0,29.5,33.1,9.0,increase,0-25,2026-06-15
353,9,3,Chashma,200.0,175.0,160.0,174.9,25.0,increase,0-25,2026-06-15
354,9,4,C-J Link,15.0,9.2,2.0,5.9,667.0,increase,>50,2026-06-15
355,9,5,CRBC,3.6,4.5,4.2,4.3,-15.0,decrease,0-25,2026-06-15
356,10,1,Tarbela,146.2,151.8,118.2,135.1,24.0,increase,0-25,2026-06-16
357,10,2,Mangla,35.2,17.7,28.8,35.4,22.0,increase,0-25,2026-06-16
358,10,3,Chashma,198.0,175.0,161.2,179.7,23.0,increase,0-25,2026-06-16
359,10,4,C-J Link,12.5,8.0,2.6,6.0,386.0,increase,>50,2026-06-16
360,10,5,CRBC,3.5,4.5,4.1,4.3,-15.0,decrease,0-25,2026-06-16
361,11,1,Tarbela,146.0,152.0,122.0,136.1,20.0,increase,0-25,2026-06-17
362,11,2,Mangla,37.0,15.0,28.4,34.2,30.0,increase,25-50,2026-06-17
363,11,3,Chashma,198.0,175.0,161.4,184.1,23.0,increase,0-25,2026-06-17
364,11,4,C-J Link,7.0,8.0,2.8,6.0,151.0,increase,>50,2026-06-17
365,11,5,CRBC,3.5,4.5,4.1,4.3,-14.0,decrease,0-25,2026-06-17
366,12,1,Tarbela,145.7,151.9,125.8,137.9,16.0,increase,0-25,2026-06-18
367,12,2,Mangla,37.0,15.0,27.8,35.9,33.0,increase,25-50,2026-06-18
368,12,3,Chashma,198.0,175.0,162.2,185.7,22.0,increase,0-25,2026-06-18
369,12,4,C-J Link,5.0,8.0,3.6,6.4,39.0,increase,25-50,2026-06-18
370,12,5,CRBC,3.5,4.5,4.1,4.3,-16.0,decrease,0-25,2026-06-18
371,13,1,Tarbela,146.0,150.4,125.1,140.9,17.0,increase,0-25,2026-06-19
372,13,2,Mangla,37.0,17.3,27.2,34.1,36.0,increase,25-50,2026-06-19
373,13,3,Chashma,203.0,175.0,166.2,187.3,22.0,increase,0-25,2026-06-19
374,13,4,C-J Link,5.0,6.7,3.3,6.2,50.0,increase,25-50,2026-06-19
375,13,5,CRBC,3.5,4.5,4.1,4.3,-15.0,decrease,0-25,2026-06-19
376,14,1,Tarbela,146.0,149.8,129.0,143.1,13.0,increase,0-25,2026-06-20
377,14,2,Mangla,37.0,20.0,26.5,32.7,40.0,increase,25-50,2026-06-20
378,14,3,Chashma,203.0,175.0,167.6,188.2,21.0,increase,0-25,2026-06-20
379,14,4,C-J Link,7.2,2.0,2.4,5.4,200.0,increase,>50,2026-06-20
380,14,5,CRBC,3.5,4.5,4.2,4.3,-17.0,decrease,0-25,2026-06-20
381,15,1,Tarbela,145.8,151.6,133.8,145.8,9.0,increase,0-25,2026-06-21
382,15,2,Mangla,37.0,20.0,26.8,33.9,38.0,increase,25-50,2026-06-21
383,15,3,Chashma,203.0,175.0,175.4,192.3,16.0,increase,0-25,2026-06-21
384,15,4,C-J Link,13.3,0.0,2.0,5.0,567.0,increase,>50,2026-06-21
385,15,5,CRBC,3.5,4.5,4.2,4.3,-17.0,decrease,0-25,2026-06-21
386,43,1,Tarbela,147.9,150.7,131.3,145.1,13.0,increase,0-25,2026-06-22
387,43,2,Mangla,55.0,20.0,25.0,32.5,120.0,increase,>50,2026-06-22
388,43,3,Chashma,197.0,175.0,165.6,186.6,19.0,increase,0-25,2026-06-22
389,43,4,C-J Link,11.8,0.0,2.2,5.3,444.0,increase,>50,2026-06-22
390,43,5,CRBC,3.5,4.5,4.1,4.3,-16.0,decrease,0-25,2026-06-22
391,45,1,Tarbela,149.6,153.5,122.8,137.2,22.0,increase,0-25,2026-06-23
392,45,2,Mangla,55.0,16.2,24.2,35.8,128.0,increase,>50,2026-06-23
393,45,3,Chashma,197.0,180.0,174.5,187.7,13.0,increase,0-25,2026-06-23
394,45,4,C-J Link,6.9,0.0,4.0,6.2,75.0,increase,>50,2026-06-23
395,45,5,CRBC,3.6,4.5,4.0,4.3,-12.0,decrease,0-25,2026-06-23
396,44,1,Tarbela,130.0,153.1,121.4,136.3,7.0,increase,0-25,2026-06-24
397,44,2,Mangla,65.0,15.0,24.0,37.5,171.0,increase,>50,2026-06-24
398,44,3,Chashma,185.0,190.0,169.3,184.5,9.0,increase,0-25,2026-06-24
399,44,4,C-J Link,2.5,0.0,6.6,7.2,-61.0,decrease,>50,2026-06-24
400,44,5,CRBC,3.7,4.5,4.0,4.2,-8.0,decrease,0-25,2026-06-24
401,51,1,Tarbela,130.0,153.8,122.7,136.8,6.0,increase,0-25,2026-06-25
402,51,2,Mangla,65.0,15.0,24.0,35.2,171.0,increase,>50,2026-06-25
403,51,3,Chashma,185.0,190.0,167.6,184.7,10.0,increase,0-25,2026-06-25
404,51,4,C-J Link,0.0,0.0,6.4,7.0,-100.0,decrease,>50,2026-06-25
405,51,5,CRBC,3.7,4.5,4.0,4.2,-8.0,decrease,0-25,2026-06-25
406,50,1,Tarbela,136.8,154.6,127.1,138.0,8.0,increase,0-25,2026-06-26
407,50,2,Mangla,60.0,11.6,25.9,32.8,131.0,increase,>50,2026-06-26
408,50,3,Chashma,175.0,195.0,167.0,182.6,5.0,increase,0-25,2026-06-26
409,50,4,C-J Link,0.0,0.0,5.5,6.4,-100.0,decrease,>50,2026-06-26
410,50,5,CRBC,3.7,4.5,4.1,4.3,-10.0,decrease,0-25,2026-06-26
411,49,1,Tarbela,137.0,154.3,134.0,141.9,2.0,increase,0-25,2026-06-27
412,49,2,Mangla,60.0,10.0,29.0,33.6,107.0,increase,>50,2026-06-27
413,49,3,Chashma,175.0,195.0,170.0,186.0,3.0,increase,0-25,2026-06-27
414,49,4,C-J Link,0.0,0.0,4.5,5.7,-100.0,decrease,>50,2026-06-27
415,49,5,CRBC,3.7,4.3,4.2,4.3,-12.0,decrease,0-25,2026-06-27
416,48,1,Tarbela,143.9,157.3,133.6,139.1,8.0,increase,0-25,2026-06-28
417,48,2,Mangla,55.0,10.0,29.5,33.9,87.0,increase,>50,2026-06-28
418,48,3,Chashma,185.0,200.0,177.0,189.6,5.0,increase,0-25,2026-06-28
419,48,4,C-J Link,0.0,0.0,3.0,5.0,-100.0,decrease,>50,2026-06-28
420,48,5,CRBC,3.8,4.3,4.1,4.3,-8.0,decrease,0-25,2026-06-28
421,47,1,Tarbela,145.0,159.7,136.5,144.9,6.0,increase,0-25,2026-06-29
422,47,2,Mangla,40.0,10.0,31.1,32.7,29.0,increase,25-50,2026-06-29
423,47,3,Chashma,195.0,210.0,184.8,195.0,6.0,increase,0-25,2026-06-29
424,47,4,C-J Link,0.0,0.0,1.8,4.4,-100.0,decrease,>50,2026-06-29
425,47,5,CRBC,3.8,4.3,4.1,4.2,-6.0,decrease,0-25,2026-06-29
426,46,1,Tarbela,148.3,150.0,139.3,144.3,6.0,increase,0-25,2026-06-30
427,46,2,Mangla,40.0,10.0,29.0,31.2,38.0,increase,25-50,2026-06-30
428,46,3,Chashma,200.0,213.8,186.1,194.3,7.0,increase,0-25,2026-06-30
429,46,4,C-J Link,0.0,0.0,0.9,3.8,-100.0,decrease,>50,2026-06-30
430,46,5,CRBC,3.9,4.3,4.1,4.2,-4.0,decrease,0-25,2026-06-30
431,52,1,Tarbela,150.3,150.0,131.3,141.3,14.0,increase,0-25,2026-07-01
432,52,2,Mangla,38.7,10.0,28.0,24.5,38.0,increase,25-50,2026-07-01
433,52,3,Chashma,203.0,233.7,187.1,196.7,8.0,increase,0-25,2026-07-01
434,52,4,C-J Link,0.0,0.0,0.6,3.3,-100.0,decrease,>50,2026-07-01
435,52,5,CRBC,4.0,4.4,4.1,4.2,-3.0,decrease,0-25,2026-07-01
436,53,1,Tarbela,152.4,150.0,128.0,143.2,19.0,increase,0-25,2026-07-02
437,53,2,Mangla,30.0,10.0,22.0,22.2,36.0,increase,25-50,2026-07-02
438,53,3,Chashma,203.0,210.0,185.6,194.0,9.0,increase,0-25,2026-07-02
439,53,4,C-J Link,0.0,1.6,0.9,3.2,-100.0,decrease,>50,2026-07-02
440,53,5,CRBC,4.0,4.5,4.1,4.2,-2.0,decrease,0-25,2026-07-02
441,56,1,Tarbela,152.0,148.2,143.4,153.2,6.0,increase,0-25,2026-07-03
442,56,2,Mangla,25.0,10.0,19.0,22.1,32.0,increase,25-50,2026-07-03
443,56,3,Chashma,203.0,210.0,192.5,200.5,5.0,increase,0-25,2026-07-03
444,56,4,C-J Link,0.0,8.6,2.7,3.6,-100.0,decrease,>50,2026-07-03
445,56,5,CRBC,4.0,4.5,4.1,4.3,-1.0,decrease,0-25,2026-07-03
446,54,1,Tarbela,152.7,151.5,148.6,163.8,3.0,increase,0-25,2026-07-04
447,54,2,Mangla,25.0,10.0,17.0,21.0,47.0,increase,25-50,2026-07-04
448,54,3,Chashma,203.0,210.0,190.4,207.2,7.0,increase,0-25,2026-07-04
449,54,4,C-J Link,0.0,10.0,3.8,4.0,-100.0,decrease,>50,2026-07-04
450,54,5,CRBC,4.0,4.5,4.1,4.3,-1.0,decrease,0-25,2026-07-04
451,55,1,Tarbela,156.1,239.3,169.9,180.2,-8.0,decrease,0-25,2026-07-05
452,55,2,Mangla,20.0,10.0,19.0,21.0,5.0,increase,0-25,2026-07-05
453,55,3,Chashma,203.0,235.3,201.1,219.0,1.0,increase,0-25,2026-07-05
454,55,4,C-J Link,0.0,10.0,3.8,4.0,-100.0,decrease,>50,2026-07-05
455,55,5,CRBC,4.0,4.2,3.9,4.1,2.0,increase,0-25,2026-07-05
456,57,1,Tarbela,157.0,286.1,178.0,181.8,-12.0,decrease,0-25,2026-07-06
457,57,2,Mangla,20.0,9.3,18.9,20.4,6.0,increase,0-25,2026-07-06
458,57,3,Chashma,203.0,258.7,208.0,226.2,-2.0,decrease,0-25,2026-07-06
459,57,4,C-J Link,0.0,12.2,4.2,3.9,-100.0,decrease,>50,2026-07-06
460,57,5,CRBC,4.0,4.0,3.8,4.1,5.0,increase,0-25,2026-07-06
461,58,1,Tarbela,157.7,293.9,179.9,180.4,-12.0,decrease,0-25,2026-07-07
462,58,2,Mangla,13.0,8.0,17.3,19.7,-25.0,decrease,0-25,2026-07-07
463,58,3,Chashma,203.0,302.4,223.8,234.5,-9.0,decrease,0-25,2026-07-07
464,58,4,C-J Link,0.0,15.0,4.5,3.8,-100.0,decrease,>50,2026-07-07
465,58,5,CRBC,4.0,4.2,3.7,4.0,8.0,increase,0-25,2026-07-07
466,59,1,Tarbela,156.3,282.1,179.6,177.7,-13.0,decrease,0-25,2026-07-08
467,59,2,Mangla,12.0,8.0,18.0,22.0,-33.0,decrease,25-50,2026-07-08
468,59,3,Chashma,213.0,345.8,232.9,239.0,-9.0,decrease,0-25,2026-07-08
469,59,4,C-J Link,1.0,15.0,4.7,3.9,-79.0,decrease,>50,2026-07-08
470,59,5,CRBC,4.0,4.2,3.5,3.8,16.0,increase,0-25,2026-07-08
471,84,1,Tarbela,157.7,279.4,173.9,173.9,-9.0,decrease,0-25,2026-07-09
472,84,2,Mangla,12.0,8.0,18.6,21.5,-35.0,decrease,25-50,2026-07-09
473,84,3,Chashma,213.0,361.2,235.3,237.2,-9.0,decrease,0-25,2026-07-09
474,84,4,C-J Link,1.0,15.0,5.6,4.5,-82.0,decrease,>50,2026-07-09
475,84,5,CRBC,4.0,4.2,3.6,3.9,10.0,increase,0-25,2026-07-09
476,86,1,Tarbela,159.3,300.0,185.9,180.9,-14.0,decrease,0-25,2026-07-10
477,86,2,Mangla,12.0,8.0,19.0,20.5,-37.0,decrease,25-50,2026-07-10
478,86,3,Chashma,213.0,347.0,234.3,235.8,-9.0,decrease,0-25,2026-07-10
479,86,4,C-J Link,1.0,15.0,5.3,4.6,-81.0,decrease,>50,2026-07-10
480,86,5,CRBC,4.0,4.0,3.8,4.0,6.0,increase,0-25,2026-07-10
481,88,1,Tarbela,158.5,296.8,179.8,177.8,-12.0,decrease,0-25,2026-07-11
482,88,2,Mangla,12.0,8.0,17.0,20.0,-29.0,decrease,25-50,2026-07-11
483,88,3,Chashma,213.0,362.9,234.6,229.5,-9.0,decrease,0-25,2026-07-11
484,88,4,C-J Link,0.0,15.0,4.3,4.1,-100.0,decrease,>50,2026-07-11
485,88,5,CRBC,4.1,4.0,3.8,4.0,6.0,increase,0-25,2026-07-11
486,61,1,Tarbela,160.0,254.4,168.4,171.4,-5.0,decrease,0-25,2026-07-12
487,61,2,Mangla,12.0,8.0,15.9,18.7,-25.0,decrease,0-25,2026-07-12
488,61,3,Chashma,213.0,402.8,240.6,232.7,-11.0,decrease,0-25,2026-07-12
489,61,4,C-J Link,0.0,15.0,3.6,3.7,-100.0,decrease,>50,2026-07-12
490,61,5,CRBC,4.1,3.9,3.7,4.0,9.0,increase,0-25,2026-07-12
491,60,1,Tarbela,162.4,190.6,154.0,162.0,5.0,increase,0-25,2026-07-13
492,60,2,Mangla,12.0,8.0,12.6,17.0,-5.0,decrease,0-25,2026-07-13
493,60,3,Chashma,213.0,368.4,240.0,231.5,-11.0,decrease,0-25,2026-07-13
494,60,4,C-J Link,0.0,15.0,3.6,3.7,-100.0,decrease,>50,2026-07-13
495,60,5,CRBC,4.1,3.7,3.8,4.0,8.0,increase,0-25,2026-07-13
496,100,1,Tarbela,157.6,174.9,154.7,158.8,2.0,increase,0-25,2026-07-14
497,100,2,Mangla,12.0,8.0,11.9,14.6,1.0,increase,0-25,2026-07-14
498,100,3,Chashma,213.0,215.0,218.8,220.9,-3.0,decrease,0-25,2026-07-14
499,100,4,C-J Link,0.0,15.0,3.7,3.7,-100.0,decrease,>50,2026-07-14
500,100,5,CRBC,4.1,3.9,3.9,4.1,5.0,increase,0-25,2026-07-14
