id,report_id,row_order,reservoir,max_maf,today,last_year,avg_last_5_years,avg_last_10_years,variation_percent,variation_trend,variation_band,recorded_date
1,1,1,Tarbela,5.58,0.961,0.071,0.243,0.508,296.0,increase,>50,2026-03-31
2,1,2,Mangla,7.277,1.217,0.165,0.377,0.75,223.0,increase,>50,2026-03-31
3,1,3,Chashma,0.311,0.129,0.148,0.115,0.095,12.0,increase,0-25,2026-03-31
4,1,4,Total,13.168,2.307,0.384,0.734,1.353,214.0,increase,>50,2026-03-31
5,63,1,Tarbela,5.58,1.006,0.086,0.244,0.52,312.0,increase,>50,2026-04-01
6,63,2,Mangla,7.277,1.268,0.174,0.407,0.776,212.0,increase,>50,2026-04-01
7,63,3,Chashma,0.311,0.171,0.138,0.13,0.104,32.0,increase,25-50,2026-04-01
8,63,4,Total,13.168,2.445,0.398,0.781,1.4,213.0,increase,>50,2026-04-01
9,64,1,Tarbela,5.58,1.047,0.09,0.256,0.537,309.0,increase,>50,2026-04-02
10,64,2,Mangla,7.277,1.309,0.184,0.432,0.801,203.0,increase,>50,2026-04-02
11,64,3,Chashma,0.311,0.24,0.121,0.142,0.112,69.0,increase,>50,2026-04-02
12,64,4,Total,13.168,2.596,0.395,0.83,1.45,213.0,increase,>50,2026-04-02
13,65,1,Tarbela,5.58,1.101,0.098,0.269,0.56,309.0,increase,>50,2026-04-03
14,65,2,Mangla,7.277,1.339,0.198,0.453,0.826,196.0,increase,>50,2026-04-03
15,65,3,Chashma,0.311,0.28,0.104,0.143,0.113,96.0,increase,>50,2026-04-03
16,65,4,Total,13.168,2.72,0.4,0.865,1.499,214.0,increase,>50,2026-04-03
17,66,1,Tarbela,5.58,1.159,0.09,0.28,0.597,314.0,increase,>50,2026-04-04
18,66,2,Mangla,7.277,1.377,0.212,0.474,0.852,191.0,increase,>50,2026-04-04
19,66,3,Chashma,0.311,0.285,0.089,0.137,0.118,108.0,increase,>50,2026-04-04
20,66,4,Total,13.168,2.821,0.391,0.891,1.567,217.0,increase,>50,2026-04-04
21,30,1,Tarbela,5.58,1.225,0.091,0.283,0.62,333.0,increase,>50,2026-04-05
22,30,2,Mangla,7.277,1.466,0.227,0.496,0.883,196.0,increase,>50,2026-04-05
23,30,3,Chashma,0.311,0.285,0.077,0.132,0.124,116.0,increase,>50,2026-04-05
24,30,4,Total,13.168,2.976,0.395,0.911,1.627,227.0,increase,>50,2026-04-05
25,67,1,Tarbela,5.58,1.283,0.084,0.278,0.636,362.0,increase,>50,2026-04-06
26,67,2,Mangla,7.277,1.552,0.234,0.502,0.904,209.0,increase,>50,2026-04-06
27,67,3,Chashma,0.311,0.285,0.079,0.124,0.124,130.0,increase,>50,2026-04-06
28,67,4,Total,13.168,3.12,0.397,0.904,1.664,245.0,increase,>50,2026-04-06
29,68,1,Tarbela,5.58,1.36,0.085,0.269,0.661,406.0,increase,>50,2026-04-08
30,68,2,Mangla,7.277,1.694,0.265,0.519,0.967,227.0,increase,>50,2026-04-08
31,68,3,Chashma,0.311,0.269,0.063,0.127,0.127,111.0,increase,>50,2026-04-08
32,68,4,Total,13.168,3.323,0.413,0.915,1.755,263.0,increase,>50,2026-04-08
33,69,1,Tarbela,5.58,1.405,0.09,0.265,0.673,430.0,increase,>50,2026-04-09
34,69,2,Mangla,7.277,1.762,0.292,0.531,0.987,232.0,increase,>50,2026-04-09
35,69,3,Chashma,0.311,0.285,0.055,0.124,0.123,129.0,increase,>50,2026-04-09
36,69,4,Total,13.168,3.452,0.437,0.921,1.783,275.0,increase,>50,2026-04-09
37,70,1,Tarbela,5.58,1.443,0.102,0.261,0.68,453.0,increase,>50,2026-04-10
38,70,2,Mangla,7.277,1.84,0.327,0.543,1.005,239.0,increase,>50,2026-04-10
39,70,3,Chashma,0.311,0.285,0.075,0.123,0.12,132.0,increase,>50,2026-04-10
40,70,4,Total,13.168,3.568,0.504,0.927,1.805,285.0,increase,>50,2026-04-10
41,71,1,Tarbela,5.58,1.475,0.114,0.256,0.683,476.0,increase,>50,2026-04-11
42,71,2,Mangla,7.277,1.899,0.362,0.544,1.024,249.0,increase,>50,2026-04-11
43,71,3,Chashma,0.311,0.285,0.115,0.128,0.121,123.0,increase,>50,2026-04-11
44,71,4,Total,13.168,3.659,0.591,0.928,1.828,294.0,increase,>50,2026-04-11
45,72,1,Tarbela,5.58,1.502,0.145,0.258,0.683,483.0,increase,>50,2026-04-12
46,72,2,Mangla,7.277,1.947,0.398,0.546,1.042,256.0,increase,>50,2026-04-12
47,72,3,Chashma,0.311,0.285,0.138,0.134,0.129,113.0,increase,>50,2026-04-12
48,72,4,Total,13.168,3.734,0.681,0.938,1.854,298.0,increase,>50,2026-04-12
49,73,1,Tarbela,5.58,1.526,0.168,0.257,0.683,495.0,increase,>50,2026-04-13
50,73,2,Mangla,7.277,1.989,0.425,0.541,1.056,268.0,increase,>50,2026-04-13
51,73,3,Chashma,0.311,0.285,0.182,0.137,0.133,108.0,increase,>50,2026-04-13
52,73,4,Total,13.168,3.8,0.775,0.934,1.871,307.0,increase,>50,2026-04-13
53,23,1,Tarbela,5.58,1.6,0.24,0.291,0.701,449.0,increase,>50,2026-04-16
54,23,2,Mangla,7.277,2.089,0.505,0.538,1.098,288.0,increase,>50,2026-04-16
55,23,3,Chashma,0.311,0.263,0.217,0.161,0.146,63.0,increase,>50,2026-04-16
56,23,4,Total,13.168,3.952,0.962,0.991,1.946,299.0,increase,>50,2026-04-16
57,24,1,Tarbela,5.58,1.582,0.277,0.32,0.722,394.0,increase,>50,2026-04-17
58,24,2,Mangla,7.277,2.112,0.538,0.55,1.123,284.0,increase,>50,2026-04-17
59,24,3,Chashma,0.311,0.263,0.235,0.162,0.149,62.0,increase,>50,2026-04-17
60,24,4,Total,13.168,3.957,1.05,1.033,1.994,283.0,increase,>50,2026-04-17
61,74,1,Tarbela,5.58,1.57,0.325,0.344,0.746,357.0,increase,>50,2026-04-18
62,74,2,Mangla,7.277,2.117,0.584,0.565,1.15,275.0,increase,>50,2026-04-18
63,74,3,Chashma,0.311,0.249,0.24,0.173,0.157,44.0,increase,25-50,2026-04-18
64,74,4,Total,13.168,3.936,1.149,1.082,2.053,264.0,increase,>50,2026-04-18
65,75,1,Tarbela,5.58,1.568,0.373,0.376,0.772,317.0,increase,>50,2026-04-19
66,75,2,Mangla,7.277,2.121,0.624,0.588,1.189,261.0,increase,>50,2026-04-19
67,75,3,Chashma,0.311,0.263,0.221,0.172,0.164,53.0,increase,>50,2026-04-19
68,75,4,Total,13.168,3.952,1.218,1.136,2.125,248.0,increase,>50,2026-04-19
69,25,1,Tarbela,5.58,1.58,0.435,0.416,0.801,280.0,increase,>50,2026-04-20
70,25,2,Mangla,7.277,2.126,0.657,0.619,1.23,244.0,increase,>50,2026-04-20
71,25,3,Chashma,0.311,0.285,0.201,0.17,0.168,68.0,increase,>50,2026-04-20
72,25,4,Total,13.168,3.991,1.293,1.204,2.199,231.0,increase,>50,2026-04-20
73,76,1,Tarbela,5.58,1.585,0.494,0.452,0.832,251.0,increase,>50,2026-04-21
74,76,2,Mangla,7.277,2.156,0.734,0.664,1.276,225.0,increase,>50,2026-04-21
75,76,3,Chashma,0.311,0.285,0.189,0.171,0.173,66.0,increase,>50,2026-04-21
76,76,4,Total,13.168,4.026,1.417,1.287,2.281,213.0,increase,>50,2026-04-21
77,77,1,Tarbela,5.58,1.576,0.557,0.504,0.881,213.0,increase,>50,2026-04-23
78,77,2,Mangla,7.277,2.17,0.866,0.732,1.362,197.0,increase,>50,2026-04-23
79,77,3,Chashma,0.311,0.28,0.135,0.162,0.161,72.0,increase,>50,2026-04-23
80,77,4,Total,13.168,4.026,1.558,1.398,2.403,188.0,increase,>50,2026-04-23
81,78,1,Tarbela,5.58,1.557,0.553,0.519,0.899,200.0,increase,>50,2026-04-24
82,78,2,Mangla,7.277,2.163,0.915,0.759,1.399,185.0,increase,>50,2026-04-24
83,78,3,Chashma,0.311,0.253,0.107,0.15,0.152,69.0,increase,>50,2026-04-24
84,78,4,Total,13.168,3.973,1.575,1.428,2.449,178.0,increase,>50,2026-04-24
85,79,1,Tarbela,5.58,1.524,0.553,0.53,0.915,187.0,increase,>50,2026-04-25
86,79,2,Mangla,7.277,2.163,0.964,0.775,1.427,179.0,increase,>50,2026-04-25
87,79,3,Chashma,0.311,0.244,0.118,0.139,0.143,76.0,increase,>50,2026-04-25
88,79,4,Total,13.168,3.931,1.635,1.444,2.485,172.0,increase,>50,2026-04-25
89,80,1,Tarbela,5.58,1.507,0.543,0.53,0.913,184.0,increase,>50,2026-04-26
90,80,2,Mangla,7.277,2.172,0.994,0.789,1.453,175.0,increase,>50,2026-04-26
91,80,3,Chashma,0.311,0.263,0.107,0.116,0.124,127.0,increase,>50,2026-04-26
92,80,4,Total,13.168,3.942,1.644,1.435,2.49,175.0,increase,>50,2026-04-26
93,26,1,Tarbela,5.58,1.496,0.529,0.524,0.904,186.0,increase,>50,2026-04-27
94,26,2,Mangla,7.277,2.179,1.015,0.799,1.475,173.0,increase,>50,2026-04-27
95,26,3,Chashma,0.311,0.285,0.091,0.094,0.108,203.0,increase,>50,2026-04-27
96,26,4,Total,13.168,3.96,1.635,1.417,2.487,180.0,increase,>50,2026-04-27
97,27,1,Tarbela,5.58,1.484,0.521,0.53,0.899,180.0,increase,>50,2026-04-28
98,27,2,Mangla,7.277,2.179,1.031,0.811,1.497,169.0,increase,>50,2026-04-28
99,27,3,Chashma,0.311,0.285,0.102,0.092,0.113,210.0,increase,>50,2026-04-28
100,27,4,Total,13.168,3.948,1.654,1.433,2.509,175.0,increase,>50,2026-04-28
101,28,1,Tarbela,5.58,1.472,0.519,0.543,0.89,171.0,increase,>50,2026-04-29
102,28,2,Mangla,7.277,2.182,1.039,0.829,1.517,163.0,increase,>50,2026-04-29
103,28,3,Chashma,0.311,0.274,0.109,0.084,0.106,225.0,increase,>50,2026-04-29
104,28,4,Total,13.168,3.928,1.667,1.456,2.514,170.0,increase,>50,2026-04-29
105,29,1,Tarbela,5.58,1.463,0.54,0.56,0.882,161.0,increase,>50,2026-04-30
106,29,2,Mangla,7.277,2.184,1.062,0.881,1.552,148.0,increase,>50,2026-04-30
107,29,3,Chashma,0.311,0.269,0.118,0.085,0.107,216.0,increase,>50,2026-04-30
108,29,4,Total,13.168,3.916,1.72,1.526,2.541,157.0,increase,>50,2026-04-30
109,82,1,Tarbela,5.58,1.444,0.56,0.573,0.871,152.0,increase,>50,2026-05-01
110,82,2,Mangla,7.277,2.179,1.095,0.92,1.58,137.0,increase,>50,2026-05-01
111,82,3,Chashma,0.311,0.253,0.107,0.087,0.099,191.0,increase,>50,2026-05-01
112,82,4,Total,13.168,3.876,1.762,1.58,2.549,145.0,increase,>50,2026-05-01
113,31,1,Tarbela,5.58,1.426,0.603,0.595,0.861,140.0,increase,>50,2026-05-02
114,31,2,Mangla,7.277,2.175,1.128,0.952,1.603,128.0,increase,>50,2026-05-02
115,31,3,Chashma,0.311,0.253,0.124,0.091,0.098,179.0,increase,>50,2026-05-02
116,31,4,Total,13.168,3.854,1.855,1.638,2.562,135.0,increase,>50,2026-05-02
117,32,1,Tarbela,5.58,1.407,0.658,0.621,0.855,127.0,increase,>50,2026-05-03
118,32,2,Mangla,7.277,2.175,1.164,0.982,1.627,121.0,increase,>50,2026-05-03
119,32,3,Chashma,0.311,0.244,0.157,0.095,0.095,157.0,increase,>50,2026-05-03
120,32,4,Total,13.168,3.826,1.979,1.698,2.578,125.0,increase,>50,2026-05-03
121,33,1,Tarbela,5.58,1.395,0.73,0.652,0.853,114.0,increase,>50,2026-05-04
122,33,2,Mangla,7.277,2.177,1.188,0.989,1.642,120.0,increase,>50,2026-05-04
123,33,3,Chashma,0.311,0.235,0.193,0.096,0.099,145.0,increase,>50,2026-05-04
124,33,4,Total,13.168,3.807,2.111,1.738,2.593,119.0,increase,>50,2026-05-04
125,81,1,Tarbela,5.58,1.378,0.813,0.68,0.845,103.0,increase,>50,2026-05-05
126,81,2,Mangla,7.277,2.177,1.213,1.013,1.662,115.0,increase,>50,2026-05-05
127,81,3,Chashma,0.311,0.226,0.201,0.087,0.099,160.0,increase,>50,2026-05-05
128,81,4,Total,13.168,3.781,2.227,1.78,2.606,112.0,increase,>50,2026-05-05
129,83,1,Tarbela,5.58,1.359,0.902,0.714,0.839,90.0,increase,>50,2026-05-06
130,83,2,Mangla,7.277,2.182,1.235,1.031,1.673,112.0,increase,>50,2026-05-06
131,83,3,Chashma,0.311,0.221,0.208,0.092,0.105,141.0,increase,>50,2026-05-06
132,83,4,Total,13.168,3.762,2.345,1.837,2.618,105.0,increase,>50,2026-05-06
133,34,1,Tarbela,5.58,1.312,0.961,0.739,0.83,78.0,increase,>50,2026-05-07
134,34,2,Mangla,7.277,2.182,1.261,1.046,1.68,109.0,increase,>50,2026-05-07
135,34,3,Chashma,0.311,0.164,0.178,0.1,0.112,64.0,increase,>50,2026-05-07
136,34,4,Total,13.168,3.658,2.4,1.885,2.622,94.0,increase,>50,2026-05-07
137,35,1,Tarbela,5.58,1.25,1.042,0.769,0.827,63.0,increase,>50,2026-05-08
138,35,2,Mangla,7.277,2.177,1.293,1.06,1.683,105.0,increase,>50,2026-05-08
139,35,3,Chashma,0.311,0.126,0.138,0.098,0.108,28.0,increase,25-50,2026-05-08
140,35,4,Total,13.168,3.553,2.473,1.927,2.619,84.0,increase,>50,2026-05-08
141,85,1,Tarbela,5.58,1.191,1.159,0.806,0.83,48.0,increase,25-50,2026-05-09
142,85,2,Mangla,7.277,2.172,1.337,1.077,1.692,102.0,increase,>50,2026-05-09
143,85,3,Chashma,0.311,0.121,0.157,0.101,0.113,20.0,increase,0-25,2026-05-09
144,85,4,Total,13.168,3.484,2.653,1.984,2.635,76.0,increase,>50,2026-05-09
145,87,1,Tarbela,5.58,1.14,1.289,0.84,0.831,36.0,increase,25-50,2026-05-10
146,87,2,Mangla,7.277,2.167,1.377,1.094,1.702,98.0,increase,>50,2026-05-10
147,87,3,Chashma,0.311,0.112,0.189,0.098,0.108,14.0,increase,0-25,2026-05-10
148,87,4,Total,13.168,3.419,2.855,2.032,2.64,68.0,increase,>50,2026-05-10
149,89,1,Tarbela,5.58,1.101,1.386,0.863,0.834,28.0,increase,25-50,2026-05-11
150,89,2,Mangla,7.258,2.176,1.418,1.12,1.717,94.0,increase,>50,2026-05-11
151,89,3,Chashma,0.311,0.112,0.217,0.089,0.104,25.0,increase,0-25,2026-05-11
152,89,4,Total,13.168,3.389,3.021,2.072,2.654,64.0,increase,>50,2026-05-11
153,36,1,Tarbela,5.58,1.093,1.458,0.877,0.837,25.0,increase,0-25,2026-05-12
154,36,2,Mangla,7.258,2.204,1.451,1.138,1.728,94.0,increase,>50,2026-05-12
155,36,3,Chashma,0.311,0.112,0.235,0.091,0.104,23.0,increase,0-25,2026-05-12
156,36,4,Total,13.149,3.409,3.144,2.106,2.669,62.0,increase,>50,2026-05-12
157,90,1,Tarbela,5.58,1.106,1.51,0.885,0.85,25.0,increase,0-25,2026-05-13
158,90,2,Mangla,7.258,2.222,1.479,1.152,1.74,93.0,increase,>50,2026-05-13
159,90,3,Chashma,0.311,0.141,0.263,0.11,0.115,29.0,increase,25-50,2026-05-13
160,90,4,Total,13.149,3.469,3.252,2.147,2.705,62.0,increase,>50,2026-05-13
161,37,1,Tarbela,5.58,1.113,1.556,0.891,0.865,25.0,increase,0-25,2026-05-14
162,37,2,Mangla,7.258,2.25,1.51,1.169,1.756,92.0,increase,>50,2026-05-14
163,37,3,Chashma,0.311,0.167,0.28,0.12,0.118,39.0,increase,25-50,2026-05-14
164,37,4,Total,13.149,3.53,3.346,2.18,2.739,62.0,increase,>50,2026-05-14
165,91,1,Tarbela,5.58,1.092,1.587,0.901,0.885,21.0,increase,0-25,2026-05-15
166,91,2,Mangla,7.258,2.278,1.534,1.179,1.772,93.0,increase,>50,2026-05-15
167,91,3,Chashma,0.311,0.164,0.274,0.138,0.135,18.0,increase,0-25,2026-05-15
168,91,4,Total,13.149,3.534,3.395,2.218,2.792,59.0,increase,>50,2026-05-15
169,92,1,Tarbela,5.58,1.028,1.644,0.88,0.896,17.0,increase,0-25,2026-05-17
170,92,2,Mangla,7.258,2.314,1.563,1.192,1.803,94.0,increase,>50,2026-05-17
171,92,3,Chashma,0.311,0.148,0.249,0.11,0.108,35.0,increase,25-50,2026-05-17
172,92,4,Total,13.149,3.49,3.456,2.182,2.807,60.0,increase,>50,2026-05-17
173,38,1,Tarbela,5.58,0.999,1.67,0.866,0.889,15.0,increase,0-25,2026-05-18
174,38,2,Mangla,7.258,2.328,1.587,1.199,1.817,94.0,increase,>50,2026-05-18
175,38,3,Chashma,0.311,0.129,0.174,0.101,0.104,28.0,increase,25-50,2026-05-18
176,38,4,Total,13.149,3.456,3.431,2.166,2.81,60.0,increase,>50,2026-05-18
177,39,1,Tarbela,5.58,1.018,1.713,0.841,0.865,21.0,increase,0-25,2026-05-20
178,39,2,Mangla,7.258,2.338,1.653,1.212,1.85,93.0,increase,>50,2026-05-20
179,39,3,Chashma,0.311,0.112,0.112,0.1,0.109,12.0,increase,0-25,2026-05-20
180,39,4,Total,13.149,3.468,3.478,2.153,2.823,61.0,increase,>50,2026-05-20
181,62,1,Tarbela,5.58,1.076,1.752,0.833,0.854,29.0,increase,25-50,2026-05-21
182,62,2,Mangla,7.258,2.354,1.697,1.223,1.866,92.0,increase,>50,2026-05-21
183,62,3,Chashma,0.311,0.104,0.099,0.101,0.106,3.0,increase,0-25,2026-05-21
184,62,4,Total,13.149,3.534,3.548,2.157,2.826,64.0,increase,>50,2026-05-21
185,93,1,Tarbela,5.58,1.123,1.77,0.827,0.841,36.0,increase,25-50,2026-05-22
186,93,2,Mangla,7.258,2.384,1.743,1.238,1.881,93.0,increase,>50,2026-05-22
187,93,3,Chashma,0.311,0.102,0.072,0.108,0.106,-5.0,decrease,0-25,2026-05-22
188,93,4,Total,13.149,3.609,3.585,2.173,2.827,66.0,increase,>50,2026-05-22
189,94,1,Tarbela,5.58,1.152,1.793,0.82,0.832,41.0,increase,25-50,2026-05-23
190,94,2,Mangla,7.258,2.409,1.791,1.253,1.893,92.0,increase,>50,2026-05-23
191,94,3,Chashma,0.311,0.104,0.099,0.117,0.115,-11.0,decrease,0-25,2026-05-23
192,94,4,Total,13.149,3.665,3.683,2.19,2.839,67.0,increase,>50,2026-05-23
193,40,1,Tarbela,5.58,1.17,1.839,0.843,0.845,39.0,increase,25-50,2026-05-24
194,40,2,Mangla,7.258,2.425,1.856,1.274,1.91,90.0,increase,>50,2026-05-24
195,40,3,Chashma,0.311,0.102,0.109,0.119,0.116,-14.0,decrease,0-25,2026-05-24
196,40,4,Total,13.149,3.697,3.804,2.235,2.87,65.0,increase,>50,2026-05-24
197,41,1,Tarbela,5.58,1.171,1.937,0.86,0.857,36.0,increase,25-50,2026-05-25
198,41,2,Mangla,7.258,2.439,1.906,1.293,1.925,89.0,increase,>50,2026-05-25
199,41,3,Chashma,0.311,0.084,0.124,0.126,0.127,-34.0,decrease,25-50,2026-05-25
200,41,4,Total,13.149,3.694,3.967,2.28,2.909,62.0,increase,>50,2026-05-25
201,95,1,Tarbela,5.58,1.142,1.964,0.864,0.865,32.0,increase,25-50,2026-05-26
202,95,2,Mangla,7.258,2.451,1.952,1.319,1.947,86.0,increase,>50,2026-05-26
203,95,3,Chashma,0.311,0.055,0.089,0.112,0.124,-51.0,decrease,>50,2026-05-26
204,95,4,Total,13.149,3.648,4.005,2.295,2.936,59.0,increase,>50,2026-05-26
205,96,1,Tarbela,5.58,1.095,1.988,0.862,0.874,27.0,increase,25-50,2026-05-27
206,96,2,Mangla,7.258,2.462,1.998,1.344,1.969,83.0,increase,>50,2026-05-27
207,96,3,Chashma,0.311,0.047,0.112,0.117,0.126,-60.0,decrease,>50,2026-05-27
208,96,4,Total,13.149,3.604,4.098,2.324,2.969,55.0,increase,>50,2026-05-27
209,97,1,Tarbela,5.58,1.042,2.039,0.871,0.889,20.0,increase,0-25,2026-05-28
210,97,2,Mangla,7.258,2.471,2.052,1.371,1.99,80.0,increase,>50,2026-05-28
211,97,3,Chashma,0.311,0.049,0.148,0.116,0.121,-58.0,decrease,>50,2026-05-28
212,97,4,Total,13.149,3.562,4.239,2.358,3.0,51.0,increase,>50,2026-05-28
213,42,1,Tarbela,5.58,0.997,2.089,0.879,0.905,13.0,increase,0-25,2026-05-29
214,42,2,Mangla,7.258,2.474,2.11,1.4,2.011,77.0,increase,>50,2026-05-29
215,42,3,Chashma,0.311,0.049,0.178,0.124,0.117,-61.0,decrease,>50,2026-05-29
216,42,4,Total,13.149,3.52,4.377,2.403,3.033,46.0,increase,25-50,2026-05-29
217,98,1,Tarbela,5.58,0.959,2.139,0.891,0.922,8.0,increase,0-25,2026-05-30
218,98,2,Mangla,7.258,2.49,2.168,1.435,2.036,73.0,increase,>50,2026-05-30
219,98,3,Chashma,0.311,0.061,0.221,0.127,0.109,-52.0,decrease,>50,2026-05-30
220,98,4,Total,13.149,3.51,4.528,2.453,3.067,43.0,increase,25-50,2026-05-30
221,99,1,Tarbela,5.58,0.932,2.158,0.901,0.934,3.0,increase,0-25,2026-05-31
222,99,2,Mangla,7.258,2.499,2.212,1.461,2.057,71.0,increase,>50,2026-05-31
223,99,3,Chashma,0.311,0.063,0.235,0.136,0.113,-54.0,decrease,>50,2026-05-31
224,99,4,Total,13.149,3.494,4.605,2.499,3.103,40.0,increase,25-50,2026-05-31
225,16,1,Tarbela,5.58,0.929,2.132,0.9,0.936,3.0,increase,0-25,2026-06-01
226,16,2,Mangla,7.258,2.508,2.235,1.476,2.076,70.0,increase,>50,2026-06-01
227,16,3,Chashma,0.311,0.086,0.212,0.142,0.121,-39.0,decrease,25-50,2026-06-01
228,16,4,Total,13.149,3.523,4.579,2.518,3.134,40.0,increase,25-50,2026-06-01
229,17,1,Tarbela,5.58,0.952,2.055,0.885,0.932,8.0,increase,0-25,2026-06-02
230,17,2,Mangla,7.258,2.522,2.259,1.494,2.1,69.0,increase,>50,2026-06-02
231,17,3,Chashma,0.311,0.099,0.167,0.136,0.125,-27.0,decrease,25-50,2026-06-02
232,17,4,Total,13.149,3.573,4.481,2.516,3.158,42.0,increase,25-50,2026-06-02
233,18,1,Tarbela,5.58,1.017,1.925,0.852,0.916,19.0,increase,0-25,2026-06-03
234,18,2,Mangla,7.258,2.541,2.277,1.511,2.122,68.0,increase,>50,2026-06-03
235,18,3,Chashma,0.311,0.121,0.135,0.132,0.124,-8.0,decrease,0-25,2026-06-03
236,18,4,Total,13.149,3.679,4.337,2.494,3.161,48.0,increase,25-50,2026-06-03
237,19,1,Tarbela,5.58,1.062,1.777,0.817,0.9,30.0,increase,25-50,2026-06-04
238,19,2,Mangla,7.258,2.568,2.293,1.53,2.147,68.0,increase,>50,2026-06-04
239,19,3,Chashma,0.311,0.099,0.135,0.135,0.129,-26.0,decrease,25-50,2026-06-04
240,19,4,Total,13.149,3.729,4.205,2.482,3.176,50.0,increase,25-50,2026-06-04
241,20,1,Tarbela,5.58,1.118,1.621,0.793,0.898,41.0,increase,25-50,2026-06-05
242,20,2,Mangla,7.258,2.604,2.291,1.545,2.171,69.0,increase,>50,2026-06-05
243,20,3,Chashma,0.311,0.138,0.132,0.136,0.133,2.0,increase,0-25,2026-06-05
244,20,4,Total,13.149,3.86,4.044,2.474,3.201,56.0,increase,>50,2026-06-05
245,21,1,Tarbela,5.58,1.153,1.446,0.773,0.903,49.0,increase,25-50,2026-06-06
246,21,2,Mangla,7.258,2.632,2.286,1.554,2.191,69.0,increase,>50,2026-06-06
247,21,3,Chashma,0.311,0.189,0.124,0.137,0.137,38.0,increase,25-50,2026-06-06
248,21,4,Total,13.149,3.974,3.856,2.464,3.231,61.0,increase,>50,2026-06-06
249,22,1,Tarbela,5.58,1.175,1.284,0.756,0.912,55.0,increase,>50,2026-06-07
250,22,2,Mangla,7.258,2.654,2.286,1.565,2.216,70.0,increase,>50,2026-06-07
251,22,3,Chashma,0.311,0.24,0.099,0.124,0.127,94.0,increase,>50,2026-06-07
252,22,4,Total,13.149,4.069,3.669,2.445,3.255,66.0,increase,>50,2026-06-07
253,2,1,Tarbela,5.58,1.173,1.137,0.738,0.919,59.0,increase,>50,2026-06-08
254,2,2,Mangla,7.258,2.667,2.286,1.577,2.24,69.0,increase,>50,2026-06-08
255,2,3,Chashma,0.311,0.23,0.081,0.112,0.122,105.0,increase,>50,2026-06-08
256,2,4,Total,13.149,4.07,3.504,2.427,3.28,68.0,increase,>50,2026-06-08
257,3,1,Tarbela,5.58,1.123,1.019,0.728,0.928,54.0,increase,>50,2026-06-09
258,3,2,Mangla,7.258,2.67,2.286,1.593,2.27,68.0,increase,>50,2026-06-09
259,3,3,Chashma,0.311,0.226,0.081,0.112,0.125,103.0,increase,>50,2026-06-09
260,3,4,Total,13.149,4.019,3.386,2.433,3.324,65.0,increase,>50,2026-06-09
261,4,1,Tarbela,5.58,1.054,0.939,0.724,0.944,46.0,increase,25-50,2026-06-10
262,4,2,Mangla,7.258,2.675,2.293,1.61,2.299,66.0,increase,>50,2026-06-10
263,4,3,Chashma,0.311,0.174,0.091,0.111,0.136,56.0,increase,>50,2026-06-10
264,4,4,Total,13.149,3.903,3.323,2.445,3.379,60.0,increase,>50,2026-06-10
265,5,1,Tarbela,5.58,1.012,0.9,0.727,0.971,39.0,increase,25-50,2026-06-11
266,5,2,Mangla,7.258,2.68,2.31,1.632,2.333,64.0,increase,>50,2026-06-11
267,5,3,Chashma,0.311,0.157,0.096,0.101,0.133,56.0,increase,>50,2026-06-11
268,5,4,Total,13.149,3.849,3.306,2.46,3.437,56.0,increase,>50,2026-06-11
269,6,1,Tarbela,5.58,1.0,0.903,0.745,1.0,34.0,increase,25-50,2026-06-12
270,6,2,Mangla,7.258,2.685,2.335,1.656,2.363,62.0,increase,>50,2026-06-12
271,6,3,Chashma,0.311,0.157,0.107,0.102,0.126,54.0,increase,>50,2026-06-12
272,6,4,Total,13.149,3.842,3.345,2.504,3.489,53.0,increase,>50,2026-06-12
273,7,1,Tarbela,5.58,0.991,0.936,0.8,1.043,24.0,increase,0-25,2026-06-13
274,7,2,Mangla,7.258,2.69,2.363,1.682,2.399,60.0,increase,>50,2026-06-13
275,7,3,Chashma,0.311,0.135,0.107,0.106,0.125,27.0,increase,25-50,2026-06-13
276,7,4,Total,13.149,3.816,3.406,2.587,3.567,47.0,increase,25-50,2026-06-13
277,8,1,Tarbela,5.58,0.97,0.991,0.854,1.072,14.0,increase,0-25,2026-06-14
278,8,2,Mangla,7.258,2.698,2.396,1.714,2.437,57.0,increase,>50,2026-06-14
279,8,3,Chashma,0.311,0.109,0.107,0.105,0.122,4.0,increase,0-25,2026-06-14
280,8,4,Total,13.149,3.777,3.494,2.673,3.631,41.0,increase,25-50,2026-06-14
281,9,1,Tarbela,5.58,0.932,1.048,0.911,1.094,2.0,increase,0-25,2026-06-15
282,9,2,Mangla,7.258,2.698,2.426,1.751,2.468,54.0,increase,>50,2026-06-15
283,9,3,Chashma,0.311,0.091,0.109,0.098,0.114,-7.0,decrease,0-25,2026-06-15
284,9,4,Total,13.149,3.721,3.583,2.759,3.677,35.0,increase,25-50,2026-06-15
285,10,1,Tarbela,5.58,0.896,1.098,0.961,1.12,-7.0,decrease,0-25,2026-06-16
286,10,2,Mangla,7.258,2.688,2.454,1.781,2.492,51.0,increase,>50,2026-06-16
287,10,3,Chashma,0.311,0.081,0.102,0.092,0.109,-12.0,decrease,0-25,2026-06-16
288,10,4,Total,13.149,3.665,3.654,2.834,3.721,29.0,increase,25-50,2026-06-16
289,11,1,Tarbela,5.58,0.87,1.13,0.997,1.144,-13.0,decrease,0-25,2026-06-17
290,11,2,Mangla,7.258,2.68,2.48,1.81,2.519,48.0,increase,25-50,2026-06-17
291,11,3,Chashma,0.311,0.081,0.104,0.085,0.103,-5.0,decrease,0-25,2026-06-17
292,11,4,Total,13.149,3.631,3.714,2.892,3.765,26.0,increase,25-50,2026-06-17
293,12,1,Tarbela,5.58,0.867,1.161,1.027,1.167,-16.0,decrease,0-25,2026-06-18
294,12,2,Mangla,7.258,2.677,2.505,1.838,2.54,46.0,increase,25-50,2026-06-18
295,12,3,Chashma,0.311,0.102,0.096,0.092,0.102,11.0,increase,0-25,2026-06-18
296,12,4,Total,13.149,3.646,3.762,2.957,3.809,23.0,increase,0-25,2026-06-18
297,13,1,Tarbela,5.58,0.863,1.193,1.06,1.183,-19.0,decrease,0-25,2026-06-19
298,13,2,Mangla,7.258,2.67,2.529,1.868,2.562,43.0,increase,25-50,2026-06-19
299,13,3,Chashma,0.311,0.096,0.089,0.094,0.096,2.0,increase,0-25,2026-06-19
300,13,4,Total,13.149,3.629,3.811,3.022,3.841,20.0,increase,0-25,2026-06-19
301,14,1,Tarbela,5.58,0.849,1.227,1.087,1.201,-22.0,decrease,0-25,2026-06-20
302,14,2,Mangla,7.258,2.667,2.543,1.906,2.591,40.0,increase,25-50,2026-06-20
303,14,3,Chashma,0.311,0.086,0.091,0.107,0.104,-19.0,decrease,0-25,2026-06-20
304,14,4,Total,13.149,3.602,3.861,3.099,3.895,16.0,increase,0-25,2026-06-20
305,15,1,Tarbela,5.58,0.816,1.272,1.104,1.216,-26.0,decrease,25-50,2026-06-21
306,15,2,Mangla,7.258,2.652,2.561,1.936,2.613,37.0,increase,25-50,2026-06-21
307,15,3,Chashma,0.311,0.065,0.091,0.091,0.1,-29.0,decrease,25-50,2026-06-21
308,15,4,Total,13.149,3.533,3.924,3.131,3.93,13.0,increase,0-25,2026-06-21
309,43,1,Tarbela,5.58,0.76,1.356,1.125,1.236,-32.0,decrease,25-50,2026-06-22
310,43,2,Mangla,7.258,2.596,2.59,1.972,2.64,32.0,increase,25-50,2026-06-22
311,43,3,Chashma,0.311,0.051,0.099,0.122,0.12,-58.0,decrease,>50,2026-06-22
312,43,4,Total,13.149,3.407,4.045,3.219,3.995,6.0,increase,0-25,2026-06-22
313,45,1,Tarbela,5.58,0.687,1.472,1.174,1.272,-41.0,decrease,25-50,2026-06-23
314,45,2,Mangla,7.258,2.538,2.633,2.023,2.665,25.0,increase,0-25,2026-06-23
315,45,3,Chashma,0.311,0.035,0.121,0.129,0.134,-73.0,decrease,>50,2026-06-23
316,45,4,Total,13.149,3.26,4.226,3.326,4.071,-2.0,decrease,0-25,2026-06-23
317,44,1,Tarbela,5.58,0.653,1.617,1.236,1.316,-47.0,decrease,25-50,2026-06-24
318,44,2,Mangla,7.258,2.465,2.661,2.07,2.683,19.0,increase,0-25,2026-06-24
319,44,3,Chashma,0.311,0.049,0.135,0.134,0.139,-63.0,decrease,>50,2026-06-24
320,44,4,Total,13.149,3.167,4.413,3.439,4.138,-8.0,decrease,0-25,2026-06-24
321,51,1,Tarbela,5.58,0.642,1.766,1.303,1.36,-51.0,decrease,>50,2026-06-25
322,51,2,Mangla,7.258,2.391,2.689,2.111,2.703,13.0,increase,0-25,2026-06-25
323,51,3,Chashma,0.311,0.033,0.148,0.116,0.13,-72.0,decrease,>50,2026-06-25
324,51,4,Total,13.149,3.066,4.603,3.53,4.193,-13.0,decrease,0-25,2026-06-25
325,50,1,Tarbela,5.58,0.645,1.965,1.382,1.416,-53.0,decrease,>50,2026-06-26
326,50,2,Mangla,7.258,2.347,2.753,2.156,2.731,9.0,increase,0-25,2026-06-26
327,50,3,Chashma,0.311,0.028,0.161,0.114,0.138,-75.0,decrease,>50,2026-06-26
328,50,4,Total,13.149,3.02,4.879,3.652,4.284,-17.0,decrease,0-25,2026-06-26
329,49,1,Tarbela,5.58,0.68,2.212,1.466,1.475,-54.0,decrease,>50,2026-06-27
330,49,2,Mangla,7.258,2.301,2.786,2.196,2.759,5.0,increase,0-25,2026-06-27
331,49,3,Chashma,0.311,0.04,0.178,0.111,0.136,-64.0,decrease,>50,2026-06-27
332,49,4,Total,13.149,3.021,5.176,3.773,4.371,-20.0,decrease,0-25,2026-06-27
333,48,1,Tarbela,5.58,0.744,2.497,1.568,1.548,-53.0,decrease,>50,2026-06-28
334,48,2,Mangla,7.258,2.259,2.827,2.233,2.785,1.0,increase,0-25,2026-06-28
335,48,3,Chashma,0.311,0.049,0.197,0.124,0.14,-60.0,decrease,>50,2026-06-28
336,48,4,Total,13.149,3.052,5.521,3.925,4.473,-22.0,decrease,0-25,2026-06-28
337,47,1,Tarbela,5.58,0.844,2.77,1.667,1.615,-49.0,decrease,25-50,2026-06-29
338,47,2,Mangla,7.258,2.252,2.863,2.262,2.81,0.0,decrease,0-25,2026-06-29
339,47,3,Chashma,0.311,0.057,0.217,0.13,0.137,-56.0,decrease,>50,2026-06-29
340,47,4,Total,13.149,3.153,5.85,4.059,4.562,-22.0,decrease,0-25,2026-06-29
341,46,1,Tarbela,5.58,0.961,3.053,1.768,1.69,-46.0,decrease,25-50,2026-06-30
342,46,2,Mangla,7.258,2.245,2.891,2.291,2.834,-2.0,decrease,0-25,2026-06-30
343,46,3,Chashma,0.311,0.055,0.285,0.147,0.144,-63.0,decrease,>50,2026-06-30
344,46,4,Total,13.149,3.261,6.229,4.206,4.668,-22.0,decrease,0-25,2026-06-30
345,52,1,Tarbela,5.58,1.111,3.338,1.914,1.784,-42.0,decrease,25-50,2026-07-01
346,52,2,Mangla,7.258,2.243,2.919,2.323,2.874,-3.0,decrease,0-25,2026-07-01
347,52,3,Chashma,0.311,0.049,0.285,0.167,0.155,-71.0,decrease,>50,2026-07-01
348,52,4,Total,13.149,3.403,6.542,4.404,4.813,-23.0,decrease,0-25,2026-07-01
349,53,1,Tarbela,5.58,1.298,3.602,2.084,1.884,-38.0,decrease,25-50,2026-07-02
350,53,2,Mangla,7.258,2.257,2.957,2.368,2.919,-5.0,decrease,0-25,2026-07-02
351,53,3,Chashma,0.311,0.061,0.274,0.178,0.16,-66.0,decrease,>50,2026-07-02
352,53,4,Total,13.149,3.616,6.833,4.63,4.963,-22.0,decrease,0-25,2026-07-02
353,56,1,Tarbela,5.58,1.516,3.849,2.237,1.978,-32.0,decrease,25-50,2026-07-03
354,56,2,Mangla,7.258,2.289,2.996,2.425,2.968,-6.0,decrease,0-25,2026-07-03
355,56,3,Chashma,0.311,0.084,0.263,0.155,0.147,-46.0,decrease,25-50,2026-07-03
356,56,4,Total,13.149,3.889,7.108,4.817,5.092,-19.0,decrease,0-25,2026-07-03
357,54,1,Tarbela,5.58,1.727,4.089,2.387,2.062,-28.0,decrease,25-50,2026-07-04
358,54,2,Mangla,7.258,2.317,3.019,2.476,3.014,-6.0,decrease,0-25,2026-07-04
359,54,3,Chashma,0.311,0.118,0.263,0.146,0.131,-19.0,decrease,0-25,2026-07-04
360,54,4,Total,13.149,4.162,7.371,5.01,5.207,-17.0,decrease,0-25,2026-07-04
361,55,1,Tarbela,5.58,1.919,4.137,2.496,2.127,-23.0,decrease,0-25,2026-07-05
362,55,2,Mangla,7.258,2.351,3.047,2.523,3.063,-7.0,decrease,0-25,2026-07-05
363,55,3,Chashma,0.311,0.138,0.178,0.137,0.119,1.0,increase,0-25,2026-07-05
364,55,4,Total,13.149,4.408,7.362,5.156,5.309,-15.0,decrease,0-25,2026-07-05
365,57,1,Tarbela,5.58,2.101,4.133,2.612,2.203,-20.0,decrease,0-25,2026-07-06
366,57,2,Mangla,7.258,2.391,3.08,2.575,3.117,-7.0,decrease,0-25,2026-07-06
367,57,3,Chashma,0.311,0.189,0.135,0.131,0.116,44.0,increase,25-50,2026-07-06
368,57,4,Total,13.149,4.681,7.348,5.318,5.436,-12.0,decrease,0-25,2026-07-06
369,58,1,Tarbela,5.58,2.256,4.133,2.734,2.278,-17.0,decrease,0-25,2026-07-07
370,58,2,Mangla,7.258,2.428,3.117,2.621,3.165,-7.0,decrease,0-25,2026-07-07
371,58,3,Chashma,0.311,0.24,0.124,0.136,0.128,77.0,increase,>50,2026-07-07
372,58,4,Total,13.149,4.924,7.374,5.491,5.571,-10.0,decrease,0-25,2026-07-07
373,59,1,Tarbela,5.58,2.418,4.144,2.851,2.346,-15.0,decrease,0-25,2026-07-08
374,59,2,Mangla,7.258,2.467,3.145,2.671,3.208,-8.0,decrease,0-25,2026-07-08
375,59,3,Chashma,0.311,0.253,0.118,0.143,0.13,77.0,increase,>50,2026-07-08
376,59,4,Total,13.149,5.138,7.407,5.664,5.683,-9.0,decrease,0-25,2026-07-08
377,84,1,Tarbela,5.58,2.564,4.195,2.949,2.406,-13.0,decrease,0-25,2026-07-09
378,84,2,Mangla,7.258,2.497,3.178,2.73,3.257,-9.0,decrease,0-25,2026-07-09
379,84,3,Chashma,0.311,0.253,0.124,0.15,0.132,69.0,increase,>50,2026-07-09
380,84,4,Total,13.149,5.314,7.497,5.829,5.795,-9.0,decrease,0-25,2026-07-09
381,86,1,Tarbela,5.58,2.671,4.246,3.014,2.453,-11.0,decrease,0-25,2026-07-10
382,86,2,Mangla,7.258,2.536,3.239,2.774,3.304,-9.0,decrease,0-25,2026-07-10
383,86,3,Chashma,0.311,0.258,0.124,0.158,0.125,63.0,increase,>50,2026-07-10
384,86,4,Total,13.149,5.465,7.609,5.946,5.882,-8.0,decrease,0-25,2026-07-10
385,88,1,Tarbela,5.58,2.752,4.27,3.089,2.521,-11.0,decrease,0-25,2026-07-11
386,88,2,Mangla,7.258,2.564,3.273,2.823,3.352,-9.0,decrease,0-25,2026-07-11
387,88,3,Chashma,0.311,0.258,0.102,0.155,0.123,66.0,increase,>50,2026-07-11
388,88,4,Total,13.149,5.574,7.645,6.067,5.995,-8.0,decrease,0-25,2026-07-11
389,61,1,Tarbela,5.58,2.828,4.321,3.171,2.607,-11.0,decrease,0-25,2026-07-12
390,61,2,Mangla,7.258,2.611,3.314,2.867,3.401,-9.0,decrease,0-25,2026-07-12
391,61,3,Chashma,0.311,0.263,0.086,0.172,0.133,53.0,increase,>50,2026-07-12
392,61,4,Total,13.149,5.702,7.721,6.209,6.142,-8.0,decrease,0-25,2026-07-12
393,60,1,Tarbela,5.58,2.923,4.373,3.255,2.705,-10.0,decrease,0-25,2026-07-13
394,60,2,Mangla,7.258,2.665,3.345,2.922,3.454,-9.0,decrease,0-25,2026-07-13
395,60,3,Chashma,0.311,0.263,0.063,0.16,0.139,65.0,increase,>50,2026-07-13
396,60,4,Total,13.149,5.851,7.781,6.336,6.298,-8.0,decrease,0-25,2026-07-13
397,100,1,Tarbela,5.58,3.032,4.449,3.337,2.82,-9.0,decrease,0-25,2026-07-14
398,100,2,Mangla,7.258,2.695,3.364,2.981,3.515,-10.0,decrease,0-25,2026-07-14
399,100,3,Chashma,0.311,0.274,0.157,0.162,0.146,69.0,increase,>50,2026-07-14
400,100,4,Total,13.149,6.001,7.97,6.48,6.48,-7.0,decrease,0-25,2026-07-14
