id,report_id,row_order,station,today,last_year,avg_last_5_years,avg_last_10_years,variation_percent,variation_trend,variation_band,recorded_date
1,1,1,Indus at Tarbela,25.6,20.5,26.1,26.5,-2.0,decrease,0-25,2026-03-31
2,1,2,Kabul at Nowshera,27.9,23.9,25.7,24.4,8.0,increase,0-25,2026-03-31
3,1,3,Jhelum at Mangla,26.9,21.2,35.9,38.4,-25.0,decrease,0-25,2026-03-31
4,1,4,Chenab at Marala (at 0600 hrs),18.1,12.7,15.8,20.0,15.0,increase,0-25,2026-03-31
5,1,5,Total,98.5,78.3,103.5,109.2,-5.0,decrease,0-25,2026-03-31
6,63,1,Indus at Tarbela,43.0,18.1,25.4,26.7,69.0,increase,>50,2026-04-01
7,63,2,Kabul at Nowshera,46.0,20.2,23.6,23.3,95.0,increase,>50,2026-04-01
8,63,3,Jhelum at Mangla,47.5,19.6,36.3,38.7,31.0,increase,25-50,2026-04-01
9,63,4,Chenab at Marala (at 0600 hrs),21.0,9.8,16.3,18.7,29.0,increase,25-50,2026-04-01
10,63,5,Total,157.5,67.7,101.6,107.4,55.0,increase,>50,2026-04-01
11,64,1,Indus at Tarbela,36.5,17.3,22.1,25.3,65.0,increase,>50,2026-04-02
12,64,2,Kabul at Nowshera,31.4,17.9,21.2,22.3,48.0,increase,25-50,2026-04-02
13,64,3,Jhelum at Mangla,40.6,20.0,32.4,37.5,25.0,increase,0-25,2026-04-02
14,64,4,Chenab at Marala (at 0600 hrs),15.2,5.3,16.8,19.1,-10.0,decrease,0-25,2026-04-02
15,64,5,Total,123.7,60.5,92.5,104.2,34.0,increase,25-50,2026-04-02
16,65,1,Indus at Tarbela,37.6,19.3,22.6,28.2,66.0,increase,>50,2026-04-03
17,65,2,Kabul at Nowshera,24.9,17.1,19.2,23.0,30.0,increase,25-50,2026-04-03
18,65,3,Jhelum at Mangla,32.1,22.3,31.1,37.1,3.0,increase,0-25,2026-04-03
19,65,4,Chenab at Marala (at 0600 hrs),15.2,5.3,13.8,17.5,10.0,increase,0-25,2026-04-03
20,65,5,Total,109.8,64.0,86.7,105.8,27.0,increase,25-50,2026-04-03
21,66,1,Indus at Tarbela,39.8,16.8,22.3,36.3,78.0,increase,>50,2026-04-04
22,66,2,Kabul at Nowshera,26.2,17.0,17.7,30.0,48.0,increase,25-50,2026-04-04
23,66,3,Jhelum at Mangla,29.9,21.9,29.8,38.3,0.0,increase,0-25,2026-04-04
24,66,4,Chenab at Marala (at 0600 hrs),15.2,6.9,13.9,18.7,9.0,increase,0-25,2026-04-04
25,66,5,Total,111.1,62.6,83.7,123.3,33.0,increase,25-50,2026-04-04
26,30,1,Indus at Tarbela,41.8,20.7,22.2,31.7,88.0,increase,>50,2026-04-05
27,30,2,Kabul at Nowshera,74.6,17.2,17.5,31.7,326.0,increase,>50,2026-04-05
28,30,3,Jhelum at Mangla,52.8,22.6,30.6,39.9,73.0,increase,>50,2026-04-05
29,30,4,Chenab at Marala (at 0600 hrs),26.8,4.4,12.5,16.9,114.0,increase,>50,2026-04-05
30,30,5,Total,196.0,64.9,82.8,120.2,137.0,increase,>50,2026-04-05
31,67,1,Indus at Tarbela,38.2,17.0,20.5,27.5,86.0,increase,>50,2026-04-06
32,67,2,Kabul at Nowshera,42.9,17.6,17.9,27.9,140.0,increase,>50,2026-04-06
33,67,3,Jhelum at Mangla,50.5,18.6,27.1,39.3,86.0,increase,>50,2026-04-06
34,67,4,Chenab at Marala (at 0600 hrs),23.9,11.1,12.9,17.7,85.0,increase,>50,2026-04-06
35,67,5,Total,155.5,64.3,78.4,112.4,98.0,increase,>50,2026-04-06
36,68,1,Indus at Tarbela,28.4,22.6,23.0,27.7,23.0,increase,0-25,2026-04-08
37,68,2,Kabul at Nowshera,56.7,18.2,16.3,24.3,248.0,increase,>50,2026-04-08
38,68,3,Jhelum at Mangla,40.4,24.0,30.7,41.7,31.0,increase,25-50,2026-04-08
39,68,4,Chenab at Marala (at 0600 hrs),26.8,14.0,14.7,19.5,82.0,increase,>50,2026-04-08
40,68,5,Total,152.3,78.8,84.7,113.2,80.0,increase,>50,2026-04-08
41,69,1,Indus at Tarbela,31.3,27.6,24.2,27.8,30.0,increase,25-50,2026-04-09
42,69,2,Kabul at Nowshera,87.3,22.7,17.0,24.2,413.0,increase,>50,2026-04-09
43,69,3,Jhelum at Mangla,41.2,30.3,31.5,39.8,31.0,increase,25-50,2026-04-09
44,69,4,Chenab at Marala (at 0600 hrs),18.1,14.0,14.8,19.4,22.0,increase,0-25,2026-04-09
45,69,5,Total,177.9,94.5,87.4,111.2,104.0,increase,>50,2026-04-09
46,70,1,Indus at Tarbela,27.7,31.5,24.4,28.9,14.0,increase,0-25,2026-04-10
47,70,2,Kabul at Nowshera,57.5,26.3,17.1,24.5,236.0,increase,>50,2026-04-10
48,70,3,Jhelum at Mangla,47.0,35.0,31.1,38.5,51.0,increase,>50,2026-04-10
49,70,4,Chenab at Marala (at 0600 hrs),29.7,18.4,14.9,17.8,99.0,increase,>50,2026-04-10
50,70,5,Total,161.9,111.2,87.5,109.6,85.0,increase,>50,2026-04-10
51,71,1,Indus at Tarbela,24.7,31.8,25.3,29.4,-2.0,decrease,0-25,2026-04-11
52,71,2,Kabul at Nowshera,45.0,29.0,17.8,26.4,152.0,increase,>50,2026-04-11
53,71,3,Jhelum at Mangla,36.5,34.2,29.8,38.7,22.0,increase,0-25,2026-04-11
54,71,4,Chenab at Marala (at 0600 hrs),23.9,18.4,14.3,18.1,67.0,increase,>50,2026-04-11
55,71,5,Total,130.1,113.4,87.2,112.6,49.0,increase,25-50,2026-04-11
56,72,1,Indus at Tarbela,22.1,35.6,26.2,29.2,-16.0,decrease,0-25,2026-04-12
57,72,2,Kabul at Nowshera,35.3,28.7,18.0,25.6,96.0,increase,>50,2026-04-12
58,72,3,Jhelum at Mangla,31.9,35.6,30.3,39.4,5.0,increase,0-25,2026-04-12
59,72,4,Chenab at Marala (at 0600 hrs),15.4,15.5,15.3,18.6,0.0,increase,0-25,2026-04-12
60,72,5,Total,104.7,115.3,89.9,112.8,17.0,increase,0-25,2026-04-12
61,73,1,Indus at Tarbela,20.2,32.2,26.0,28.2,-22.0,decrease,0-25,2026-04-13
62,73,2,Kabul at Nowshera,35.3,27.0,17.2,23.8,105.0,increase,>50,2026-04-13
63,73,3,Jhelum at Mangla,29.1,30.5,28.8,38.5,1.0,increase,0-25,2026-04-13
64,73,4,Chenab at Marala (at 0600 hrs),18.3,12.6,13.9,18.9,32.0,increase,25-50,2026-04-13
65,73,5,Total,102.9,102.2,86.0,109.4,20.0,increase,0-25,2026-04-13
66,23,1,Indus at Tarbela,21.4,35.9,37.4,36.2,-43.0,decrease,25-50,2026-04-16
67,23,2,Kabul at Nowshera,31.3,28.9,42.2,44.9,-26.0,decrease,25-50,2026-04-16
68,23,3,Jhelum at Mangla,27.6,38.9,41.6,44.3,-34.0,decrease,25-50,2026-04-16
69,23,4,Chenab at Marala (at 0600 hrs),16.3,15.5,17.1,20.4,-5.0,decrease,0-25,2026-04-16
70,23,5,Total,96.7,119.2,138.3,145.8,-30.0,decrease,25-50,2026-04-16
71,24,1,Indus at Tarbela,21.0,39.3,38.5,36.3,-45.0,decrease,25-50,2026-04-17
72,24,2,Kabul at Nowshera,30.6,30.2,56.0,52.4,-45.0,decrease,25-50,2026-04-17
73,24,3,Jhelum at Mangla,26.6,41.5,40.7,44.6,-35.0,decrease,25-50,2026-04-17
74,24,4,Chenab at Marala (at 0600 hrs),17.9,15.5,20.3,22.7,-12.0,decrease,0-25,2026-04-17
75,24,5,Total,96.1,126.4,155.4,156.0,-38.0,decrease,25-50,2026-04-17
76,74,1,Indus at Tarbela,24.6,44.5,36.1,37.6,-32.0,decrease,25-50,2026-04-18
77,74,2,Kabul at Nowshera,31.7,29.9,43.1,51.8,-26.0,decrease,25-50,2026-04-18
78,74,3,Jhelum at Mangla,22.1,48.2,40.6,46.6,-46.0,decrease,25-50,2026-04-18
79,74,4,Chenab at Marala (at 0600 hrs),14.8,24.2,20.5,23.8,-28.0,decrease,25-50,2026-04-18
80,74,5,Total,93.2,146.8,140.3,159.8,-34.0,decrease,25-50,2026-04-18
81,75,1,Indus at Tarbela,29.4,44.5,37.5,38.9,-22.0,decrease,0-25,2026-04-19
82,75,2,Kabul at Nowshera,38.4,29.5,36.5,49.1,5.0,increase,0-25,2026-04-19
83,75,3,Jhelum at Mangla,28.0,45.1,43.5,50.9,-36.0,decrease,25-50,2026-04-19
84,75,4,Chenab at Marala (at 0600 hrs),14.8,18.4,19.2,23.6,-23.0,decrease,0-25,2026-04-19
85,75,5,Total,110.6,137.5,136.7,162.4,-19.0,decrease,0-25,2026-04-19
86,25,1,Indus at Tarbela,36.4,51.5,40.8,39.6,-11.0,decrease,0-25,2026-04-20
87,25,2,Kabul at Nowshera,47.2,30.5,43.3,49.7,9.0,increase,0-25,2026-04-20
88,25,3,Jhelum at Mangla,32.3,41.9,47.7,51.9,-32.0,decrease,25-50,2026-04-20
89,25,4,Chenab at Marala (at 0600 hrs),17.5,24.2,23.0,26.4,-24.0,decrease,0-25,2026-04-20
90,25,5,Total,133.4,148.1,154.7,167.7,-14.0,decrease,0-25,2026-04-20
91,76,1,Indus at Tarbela,33.1,50.3,40.5,39.9,-18.0,decrease,0-25,2026-04-21
92,76,2,Kabul at Nowshera,41.3,28.4,49.1,51.1,-16.0,decrease,0-25,2026-04-21
93,76,3,Jhelum at Mangla,45.3,58.5,55.7,55.1,-19.0,decrease,0-25,2026-04-21
94,76,4,Chenab at Marala (at 0600 hrs),17.5,37.1,24.9,27.4,-30.0,decrease,25-50,2026-04-21
95,76,5,Total,137.1,174.3,170.3,173.5,-19.0,decrease,0-25,2026-04-21
96,77,1,Indus at Tarbela,27.7,45.2,35.6,38.1,-22.0,decrease,0-25,2026-04-23
97,77,2,Kabul at Nowshera,31.0,25.9,36.2,42.1,-14.0,decrease,0-25,2026-04-23
98,77,3,Jhelum at Mangla,32.7,49.2,45.1,52.3,-28.0,decrease,25-50,2026-04-23
99,77,4,Chenab at Marala (at 0600 hrs),15.9,24.0,19.6,24.5,-19.0,decrease,0-25,2026-04-23
100,77,5,Total,107.2,144.3,136.6,156.9,-22.0,decrease,0-25,2026-04-23
101,78,1,Indus at Tarbela,30.7,38.5,32.4,37.4,-5.0,decrease,0-25,2026-04-24
102,78,2,Kabul at Nowshera,33.6,25.0,32.8,39.0,2.0,increase,0-25,2026-04-24
103,78,3,Jhelum at Mangla,31.5,44.8,45.1,49.4,-30.0,decrease,25-50,2026-04-24
104,78,4,Chenab at Marala (at 0600 hrs),13.7,14.5,16.3,22.1,-16.0,decrease,0-25,2026-04-24
105,78,5,Total,109.5,122.9,126.5,147.8,-13.0,decrease,0-25,2026-04-24
106,79,1,Indus at Tarbela,33.8,40.4,30.9,36.6,10.0,increase,0-25,2026-04-25
107,79,2,Kabul at Nowshera,38.3,22.1,28.9,36.1,32.0,increase,25-50,2026-04-25
108,79,3,Jhelum at Mangla,35.0,44.6,40.3,46.8,-13.0,decrease,0-25,2026-04-25
109,79,4,Chenab at Marala (at 0600 hrs),19.9,14.5,15.9,22.2,25.0,increase,0-25,2026-04-25
110,79,5,Total,127.0,121.6,116.0,141.7,9.0,increase,0-25,2026-04-25
111,80,1,Indus at Tarbela,39.0,39.1,28.8,34.3,36.0,increase,25-50,2026-04-26
112,80,2,Kabul at Nowshera,42.3,22.4,28.3,35.4,50.0,increase,25-50,2026-04-26
113,80,3,Jhelum at Mangla,39.7,47.1,43.4,48.3,-9.0,decrease,0-25,2026-04-26
114,80,4,Chenab at Marala (at 0600 hrs),20.0,18.2,17.4,21.9,15.0,increase,0-25,2026-04-26
115,80,5,Total,141.0,126.8,117.9,140.0,20.0,increase,0-25,2026-04-26
116,26,1,Indus at Tarbela,39.9,39.4,29.7,34.7,34.0,increase,25-50,2026-04-27
117,26,2,Kabul at Nowshera,36.0,21.8,28.1,35.4,28.0,increase,25-50,2026-04-27
118,26,3,Jhelum at Mangla,38.5,42.2,41.0,46.8,-6.0,decrease,0-25,2026-04-27
119,26,4,Chenab at Marala (at 0600 hrs),20.1,18.2,17.9,21.6,13.0,increase,0-25,2026-04-27
120,26,5,Total,134.5,121.6,116.6,138.4,15.0,increase,0-25,2026-04-27
121,27,1,Indus at Tarbela,39.2,41.6,34.3,36.9,14.0,increase,0-25,2026-04-28
122,27,2,Kabul at Nowshera,34.3,24.3,32.7,35.8,5.0,increase,0-25,2026-04-28
123,27,3,Jhelum at Mangla,40.0,40.1,41.4,46.8,-3.0,decrease,0-25,2026-04-28
124,27,4,Chenab at Marala (at 0600 hrs),20.6,21.3,18.5,21.8,12.0,increase,0-25,2026-04-28
125,27,5,Total,134.1,127.3,126.8,141.3,6.0,increase,0-25,2026-04-28
126,28,1,Indus at Tarbela,39.4,44.4,37.5,38.5,5.0,increase,0-25,2026-04-29
127,28,2,Kabul at Nowshera,32.6,26.1,40.2,38.9,-19.0,decrease,0-25,2026-04-29
128,28,3,Jhelum at Mangla,41.2,36.2,46.3,48.4,-11.0,decrease,0-25,2026-04-29
129,28,4,Chenab at Marala (at 0600 hrs),16.6,23.0,21.3,22.9,-22.0,decrease,0-25,2026-04-29
130,28,5,Total,129.7,129.7,145.3,148.7,-11.0,decrease,0-25,2026-04-29
131,29,1,Indus at Tarbela,40.8,55.6,41.1,40.6,-1.0,decrease,0-25,2026-04-30
132,29,2,Kabul at Nowshera,32.7,29.9,43.8,41.5,-25.0,decrease,0-25,2026-04-30
133,29,3,Jhelum at Mangla,41.2,43.5,61.4,54.9,-33.0,decrease,25-50,2026-04-30
134,29,4,Chenab at Marala (at 0600 hrs),25.2,27.6,23.7,24.8,6.0,increase,0-25,2026-04-30
135,29,5,Total,139.9,156.6,170.0,161.8,-18.0,decrease,0-25,2026-04-30
136,82,1,Indus at Tarbela,40.7,63.0,42.3,42.1,-4.0,decrease,0-25,2026-05-01
137,82,2,Kabul at Nowshera,34.8,35.1,39.5,39.1,-12.0,decrease,0-25,2026-05-01
138,82,3,Jhelum at Mangla,37.7,48.7,55.0,52.0,-31.0,decrease,25-50,2026-05-01
139,82,4,Chenab at Marala (at 0600 hrs),20.9,27.6,26.0,25.8,-19.0,decrease,0-25,2026-05-01
140,82,5,Total,134.1,174.4,162.7,159.0,-18.0,decrease,0-25,2026-05-01
141,31,1,Indus at Tarbela,41.2,76.9,47.7,45.9,-14.0,decrease,0-25,2026-05-02
142,31,2,Kabul at Nowshera,34.0,35.4,39.9,39.5,-15.0,decrease,0-25,2026-05-02
143,31,3,Jhelum at Mangla,37.7,48.5,52.0,50.2,-28.0,decrease,25-50,2026-05-02
144,31,4,Chenab at Marala (at 0600 hrs),20.9,37.1,23.9,25.3,-12.0,decrease,0-25,2026-05-02
145,31,5,Total,133.8,197.8,163.4,160.9,-18.0,decrease,0-25,2026-05-02
146,32,1,Indus at Tarbela,41.4,83.4,50.0,48.3,-17.0,decrease,0-25,2026-05-03
147,32,2,Kabul at Nowshera,33.0,36.7,40.7,39.3,-19.0,decrease,0-25,2026-05-03
148,32,3,Jhelum at Mangla,36.0,50.1,52.4,50.8,-31.0,decrease,25-50,2026-05-03
149,32,4,Chenab at Marala (at 0600 hrs),9.0,40.9,26.2,26.9,-66.0,decrease,>50,2026-05-03
150,32,5,Total,119.4,211.1,169.3,165.3,-29.0,decrease,25-50,2026-05-03
151,33,1,Indus at Tarbela,43.6,91.5,53.9,51.0,-19.0,decrease,0-25,2026-05-04
152,33,2,Kabul at Nowshera,33.9,35.9,40.9,39.6,-17.0,decrease,0-25,2026-05-04
153,33,3,Jhelum at Mangla,37.2,44.3,50.5,51.4,-26.0,decrease,25-50,2026-05-04
154,33,4,Chenab at Marala (at 0600 hrs),16.3,34.6,25.8,26.8,-37.0,decrease,25-50,2026-05-04
155,33,5,Total,131.0,206.4,171.0,168.7,-23.0,decrease,0-25,2026-05-04
156,81,1,Indus at Tarbela,42.4,92.2,56.5,51.8,-25.0,decrease,0-25,2026-05-05
157,81,2,Kabul at Nowshera,32.1,37.1,43.2,40.8,-26.0,decrease,25-50,2026-05-05
158,81,3,Jhelum at Mangla,36.0,44.3,49.9,49.0,-28.0,decrease,25-50,2026-05-05
159,81,4,Chenab at Marala (at 0600 hrs),24.6,5.3,20.0,22.9,23.0,increase,0-25,2026-05-05
160,81,5,Total,135.1,179.0,169.5,164.5,-20.0,decrease,0-25,2026-05-05
161,83,1,Indus at Tarbela,40.5,95.3,61.0,53.3,-34.0,decrease,25-50,2026-05-06
162,83,2,Kabul at Nowshera,29.8,37.0,47.5,43.1,-37.0,decrease,25-50,2026-05-06
163,83,3,Jhelum at Mangla,36.3,43.5,48.5,47.5,-25.0,decrease,0-25,2026-05-06
164,83,4,Chenab at Marala,19.4,28.3,24.7,23.5,-22.0,decrease,0-25,2026-05-06
165,83,5,Total,126.1,204.2,181.7,167.3,-31.0,decrease,25-50,2026-05-06
166,34,1,Indus at Tarbela,37.2,99.9,60.0,53.0,-38.0,decrease,25-50,2026-05-07
167,34,2,Kabul at Nowshera,28.4,36.1,48.5,43.9,-41.0,decrease,25-50,2026-05-07
168,34,3,Jhelum at Mangla,32.0,45.2,47.7,46.7,-33.0,decrease,25-50,2026-05-07
169,34,4,Chenab at Marala,16.3,25.4,23.0,21.4,-29.0,decrease,25-50,2026-05-07
170,34,5,Total,113.9,206.6,179.2,165.0,-36.0,decrease,25-50,2026-05-07
171,35,1,Indus at Tarbela,38.7,111.5,62.3,55.0,-38.0,decrease,25-50,2026-05-08
172,35,2,Kabul at Nowshera,28.2,40.8,45.1,43.8,-38.0,decrease,25-50,2026-05-08
173,35,3,Jhelum at Mangla,31.7,47.6,47.4,47.7,-33.0,decrease,25-50,2026-05-08
174,35,4,Chenab at Marala,15.4,35.8,26.4,24.5,-42.0,decrease,25-50,2026-05-08
175,35,5,Total,114.0,235.8,181.2,170.9,-37.0,decrease,25-50,2026-05-08
176,85,1,Indus at Tarbela,40.7,129.1,67.5,58.8,-40.0,decrease,25-50,2026-05-09
177,85,2,Kabul at Nowshera,28.3,44.0,42.1,43.6,-33.0,decrease,25-50,2026-05-09
178,85,3,Jhelum at Mangla,31.7,54.4,48.9,49.9,-35.0,decrease,25-50,2026-05-09
179,85,4,Chenab at Marala,13.9,34.0,28.2,26.8,-51.0,decrease,>50,2026-05-09
180,85,5,Total,114.5,261.5,186.7,179.1,-39.0,decrease,25-50,2026-05-09
181,87,1,Indus at Tarbela,44.9,136.3,71.1,61.8,-37.0,decrease,25-50,2026-05-10
182,87,2,Kabul at Nowshera,31.4,46.0,43.1,44.6,-27.0,decrease,25-50,2026-05-10
183,87,3,Jhelum at Mangla,35.2,52.4,48.5,49.7,-28.0,decrease,25-50,2026-05-10
184,87,4,Chenab at Marala,15.1,29.7,28.6,26.8,-47.0,decrease,25-50,2026-05-10
185,87,5,Total,126.6,264.4,191.4,183.0,-34.0,decrease,25-50,2026-05-10
186,89,1,Indus at Tarbela,50.8,131.1,73.5,64.9,-31.0,decrease,25-50,2026-05-11
187,89,2,Kabul at Nowshera,39.1,44.7,44.2,46.1,-12.0,decrease,0-25,2026-05-11
188,89,3,Jhelum at Mangla,38.7,52.4,51.9,52.2,-26.0,decrease,25-50,2026-05-11
189,89,4,Chenab at Marala,22.5,33.1,27.4,26.2,-18.0,decrease,0-25,2026-05-11
190,89,5,Total,151.1,261.3,197.1,189.5,-23.0,decrease,0-25,2026-05-11
191,36,1,Indus at Tarbela,66.2,118.9,74.3,68.3,-11.0,decrease,0-25,2026-05-12
192,36,2,Kabul at Nowshera,41.2,40.6,48.1,48.5,-14.0,decrease,0-25,2026-05-12
193,36,3,Jhelum at Mangla,48.0,44.7,49.6,50.6,-3.0,decrease,0-25,2026-05-12
194,36,4,Chenab at Marala,24.7,29.4,26.8,27.3,-8.0,decrease,0-25,2026-05-12
195,36,5,Total,180.1,233.6,198.8,194.7,-9.0,decrease,0-25,2026-05-12
196,90,1,Indus at Tarbela,77.3,108.4,73.6,73.5,5.0,increase,0-25,2026-05-13
197,90,2,Kabul at Nowshera,44.4,39.2,47.7,50.6,-7.0,decrease,0-25,2026-05-13
198,90,3,Jhelum at Mangla,43.3,41.9,48.3,50.4,-10.0,decrease,0-25,2026-05-13
199,90,4,Chenab at Marala,27.2,29.4,28.3,28.2,-4.0,decrease,0-25,2026-05-13
200,90,5,Total,192.3,218.9,197.8,202.7,-3.0,decrease,0-25,2026-05-13
201,37,1,Indus at Tarbela,73.8,105.6,73.1,75.1,1.0,increase,0-25,2026-05-14
202,37,2,Kabul at Nowshera,43.0,36.1,45.5,50.1,-5.0,decrease,0-25,2026-05-14
203,37,3,Jhelum at Mangla,43.0,43.8,49.3,51.5,-13.0,decrease,0-25,2026-05-14
204,37,4,Chenab at Marala,26.8,29.4,27.6,28.8,-3.0,decrease,0-25,2026-05-14
205,37,5,Total,186.6,214.9,195.5,205.4,-5.0,decrease,0-25,2026-05-14
206,91,1,Indus at Tarbela,59.6,97.9,70.7,73.9,-16.0,decrease,0-25,2026-05-15
207,91,2,Kabul at Nowshera,38.4,36.8,43.0,50.9,-11.0,decrease,0-25,2026-05-15
208,91,3,Jhelum at Mangla,40.0,40.0,45.5,51.3,-12.0,decrease,0-25,2026-05-15
209,91,4,Chenab at Marala,24.8,22.9,28.3,29.2,-12.0,decrease,0-25,2026-05-15
210,91,5,Total,162.7,197.6,187.4,205.4,-13.0,decrease,0-25,2026-05-15
211,92,1,Indus at Tarbela,54.2,102.1,70.1,73.8,-23.0,decrease,0-25,2026-05-17
212,92,2,Kabul at Nowshera,35.0,32.3,41.0,48.5,-15.0,decrease,0-25,2026-05-17
213,92,3,Jhelum at Mangla,37.1,38.6,45.2,49.5,-18.0,decrease,0-25,2026-05-17
214,92,4,Chenab at Marala,19.5,28.6,27.5,28.3,-29.0,decrease,25-50,2026-05-17
215,92,5,Total,145.8,201.6,183.8,200.2,-21.0,decrease,0-25,2026-05-17
216,38,1,Indus at Tarbela,56.2,113.4,73.2,75.1,-23.0,decrease,0-25,2026-05-18
217,38,2,Kabul at Nowshera,36.3,37.4,44.4,48.6,-18.0,decrease,0-25,2026-05-18
218,38,3,Jhelum at Mangla,36.0,40.0,45.4,49.0,-21.0,decrease,0-25,2026-05-18
219,38,4,Chenab at Marala,18.0,29.6,26.4,27.4,-32.0,decrease,25-50,2026-05-18
220,38,5,Total,146.5,220.5,189.4,200.2,-23.0,decrease,0-25,2026-05-18
221,39,1,Indus at Tarbela,82.7,143.7,83.8,80.6,-1.0,decrease,0-25,2026-05-20
222,39,2,Kabul at Nowshera,42.2,39.6,48.9,49.4,-14.0,decrease,0-25,2026-05-20
223,39,3,Jhelum at Mangla,42.7,45.6,46.3,49.3,-8.0,decrease,0-25,2026-05-20
224,39,4,Chenab at Marala,23.6,39.9,29.9,30.5,-21.0,decrease,0-25,2026-05-20
225,39,5,Total,191.1,268.8,208.9,209.8,-9.0,decrease,0-25,2026-05-20
226,62,1,Indus at Tarbela,99.5,148.3,85.4,83.2,16.0,increase,0-25,2026-05-21
227,62,2,Kabul at Nowshera,50.7,40.2,48.2,49.0,5.0,increase,0-25,2026-05-21
228,62,3,Jhelum at Mangla,43.1,46.2,47.3,50.1,-9.0,decrease,0-25,2026-05-21
229,62,4,Chenab at Marala,29.2,37.0,29.7,29.6,-2.0,decrease,0-25,2026-05-21
230,62,5,Total,222.5,271.7,210.7,211.9,6.0,increase,0-25,2026-05-21
231,93,1,Indus at Tarbela,94.2,149.2,87.5,84.7,8.0,increase,0-25,2026-05-22
232,93,2,Kabul at Nowshera,52.0,40.3,45.0,49.2,16.0,increase,0-25,2026-05-22
233,93,3,Jhelum at Mangla,50.1,43.0,48.3,50.0,4.0,increase,0-25,2026-05-22
234,93,4,Chenab at Marala,27.8,36.1,31.3,30.8,-11.0,decrease,0-25,2026-05-22
235,93,5,Total,224.1,268.6,212.0,214.7,6.0,increase,0-25,2026-05-22
236,94,1,Indus at Tarbela,85.1,151.8,88.7,88.4,-4.0,decrease,0-25,2026-05-23
237,94,2,Kabul at Nowshera,54.4,41.0,45.0,48.3,21.0,increase,0-25,2026-05-23
238,94,3,Jhelum at Mangla,47.8,44.2,48.0,50.6,0.0,decrease,0-25,2026-05-23
239,94,4,Chenab at Marala,28.7,38.7,34.8,32.3,-18.0,decrease,0-25,2026-05-23
240,94,5,Total,216.0,275.8,216.5,219.5,0.0,decrease,0-25,2026-05-23
241,40,1,Indus at Tarbela,79.2,164.0,98.2,96.3,-19.0,decrease,0-25,2026-05-24
242,40,2,Kabul at Nowshera,48.2,40.7,47.5,49.9,1.0,increase,0-25,2026-05-24
243,40,3,Jhelum at Mangla,43.1,51.2,49.2,51.4,-12.0,decrease,0-25,2026-05-24
244,40,4,Chenab at Marala,26.4,46.0,37.5,34.8,-30.0,decrease,25-50,2026-05-24
245,40,5,Total,196.9,301.9,232.4,232.4,-15.0,decrease,0-25,2026-05-24
246,41,1,Indus at Tarbela,71.2,176.6,100.1,99.2,-29.0,decrease,25-50,2026-05-25
247,41,2,Kabul at Nowshera,45.1,43.0,48.7,52.3,-7.0,decrease,0-25,2026-05-25
248,41,3,Jhelum at Mangla,42.0,43.3,47.1,50.1,-11.0,decrease,0-25,2026-05-25
249,41,4,Chenab at Marala,25.1,47.1,38.4,34.8,-35.0,decrease,25-50,2026-05-25
250,41,5,Total,183.4,309.9,234.2,236.3,-22.0,decrease,0-25,2026-05-25
251,95,1,Indus at Tarbela,65.7,168.7,97.2,97.1,-32.0,decrease,25-50,2026-05-26
252,95,2,Kabul at Nowshera,42.4,41.2,46.9,53.6,-10.0,decrease,0-25,2026-05-26
253,95,3,Jhelum at Mangla,39.8,41.2,49.0,51.8,-19.0,decrease,0-25,2026-05-26
254,95,4,Chenab at Marala,21.4,46.5,36.1,34.6,-41.0,decrease,25-50,2026-05-26
255,95,5,Total,169.4,297.6,229.3,237.2,-26.0,decrease,25-50,2026-05-26
256,96,1,Indus at Tarbela,61.7,167.6,98.9,97.9,-38.0,decrease,25-50,2026-05-27
257,96,2,Kabul at Nowshera,42.3,40.9,45.1,51.0,-6.0,decrease,0-25,2026-05-27
258,96,3,Jhelum at Mangla,39.8,39.7,46.6,50.2,-14.0,decrease,0-25,2026-05-27
259,96,4,Chenab at Marala,17.1,48.4,36.4,34.6,-53.0,decrease,>50,2026-05-27
260,96,5,Total,160.9,296.5,226.9,233.7,-29.0,decrease,25-50,2026-05-27
261,97,1,Indus at Tarbela,63.4,181.1,103.9,101.4,-39.0,decrease,25-50,2026-05-28
262,97,2,Kabul at Nowshera,39.8,42.1,46.0,51.7,-14.0,decrease,0-25,2026-05-28
263,97,3,Jhelum at Mangla,38.7,40.5,47.5,50.4,-19.0,decrease,0-25,2026-05-28
264,97,4,Chenab at Marala,19.0,52.7,38.5,35.6,-51.0,decrease,>50,2026-05-28
265,97,5,Total,160.8,316.4,236.0,239.0,-32.0,decrease,25-50,2026-05-28
266,42,1,Indus at Tarbela,67.5,180.7,106.4,105.6,-37.0,decrease,25-50,2026-05-29
267,42,2,Kabul at Nowshera,39.2,39.4,45.9,51.0,-15.0,decrease,0-25,2026-05-29
268,42,3,Jhelum at Mangla,35.2,41.5,47.5,49.6,-26.0,decrease,25-50,2026-05-29
269,42,4,Chenab at Marala,18.3,69.1,41.8,38.4,-56.0,decrease,>50,2026-05-29
270,42,5,Total,160.2,330.6,241.6,244.6,-34.0,decrease,25-50,2026-05-29
271,98,1,Indus at Tarbela,71.3,177.5,107.7,108.7,-34.0,decrease,25-50,2026-05-30
272,98,2,Kabul at Nowshera,38.7,37.1,47.2,50.7,-18.0,decrease,0-25,2026-05-30
273,98,3,Jhelum at Mangla,42.1,39.6,49.1,50.8,-14.0,decrease,0-25,2026-05-30
274,98,4,Chenab at Marala,23.0,78.4,44.9,38.9,-49.0,decrease,25-50,2026-05-30
275,98,5,Total,175.2,332.6,249.0,249.1,-30.0,decrease,25-50,2026-05-30
276,99,1,Indus at Tarbela,76.8,155.3,104.0,107.6,-26.0,decrease,25-50,2026-05-31
277,99,2,Kabul at Nowshera,39.1,34.8,47.7,52.3,-18.0,decrease,0-25,2026-05-31
278,99,3,Jhelum at Mangla,38.7,40.2,45.9,48.9,-16.0,decrease,0-25,2026-05-31
279,99,4,Chenab at Marala,23.3,22.7,31.4,33.0,-26.0,decrease,25-50,2026-05-31
280,99,5,Total,177.9,252.9,228.9,242.0,-22.0,decrease,0-25,2026-05-31
281,16,1,Indus at Tarbela,89.1,132.3,99.7,106.2,-11.0,decrease,0-25,2026-06-01
282,16,2,Kabul at Nowshera,40.9,29.9,43.3,50.9,-6.0,decrease,0-25,2026-06-01
283,16,3,Jhelum at Mangla,38.7,36.7,45.3,48.5,-15.0,decrease,0-25,2026-06-01
284,16,4,Chenab at Marala,23.3,22.1,35.2,38.0,-34.0,decrease,25-50,2026-06-01
285,16,5,Total,191.9,221.0,223.5,243.7,-14.0,decrease,0-25,2026-06-01
286,17,1,Indus at Tarbela,103.2,112.1,93.8,103.9,10.0,increase,0-25,2026-06-02
287,17,2,Kabul at Nowshera,42.8,28.4,43.5,52.2,-2.0,decrease,0-25,2026-06-02
288,17,3,Jhelum at Mangla,41.0,36.7,48.7,50.7,-16.0,decrease,0-25,2026-06-02
289,17,4,Chenab at Marala,22.6,36.3,35.2,39.6,-36.0,decrease,25-50,2026-06-02
290,17,5,Total,209.5,213.6,221.2,246.4,-5.0,decrease,0-25,2026-06-02
291,18,1,Indus at Tarbela,122.2,91.7,87.4,100.0,40.0,increase,25-50,2026-06-03
292,18,2,Kabul at Nowshera,48.8,25.4,43.7,52.9,12.0,increase,0-25,2026-06-03
293,18,3,Jhelum at Mangla,43.3,34.4,44.9,47.4,-4.0,decrease,0-25,2026-06-03
294,18,4,Chenab at Marala,25.3,35.9,33.2,38.4,-24.0,decrease,0-25,2026-06-03
295,18,5,Total,239.7,187.4,209.3,238.7,15.0,increase,0-25,2026-06-03
296,19,1,Indus at Tarbela,133.8,81.4,84.0,101.9,59.0,increase,>50,2026-06-04
297,19,2,Kabul at Nowshera,53.5,23.3,42.1,54.5,27.0,increase,25-50,2026-06-04
298,19,3,Jhelum at Mangla,43.0,33.2,45.6,48.6,-6.0,decrease,0-25,2026-06-04
299,19,4,Chenab at Marala,31.6,31.0,32.8,38.3,-4.0,decrease,0-25,2026-06-04
300,19,5,Total,261.9,168.9,204.6,243.2,28.0,increase,25-50,2026-06-04
301,20,1,Indus at Tarbela,138.9,76.8,86.2,107.0,61.0,increase,>50,2026-06-05
302,20,2,Kabul at Nowshera,57.5,23.1,44.9,55.8,28.0,increase,25-50,2026-06-05
303,20,3,Jhelum at Mangla,46.7,33.8,46.7,49.9,0.0,decrease,0-25,2026-06-05
304,20,4,Chenab at Marala,32.4,19.3,29.9,38.6,9.0,increase,0-25,2026-06-05
305,20,5,Total,275.6,153.0,207.6,251.3,33.0,increase,25-50,2026-06-05
306,21,1,Indus at Tarbela,128.4,66.5,85.9,110.1,49.0,increase,25-50,2026-06-06
307,21,2,Kabul at Nowshera,57.5,21.7,46.7,56.8,23.0,increase,0-25,2026-06-06
308,21,3,Jhelum at Mangla,43.1,31.2,44.3,48.5,-3.0,decrease,0-25,2026-06-06
309,21,4,Chenab at Marala,34.2,19.8,30.4,41.5,13.0,increase,0-25,2026-06-06
310,21,5,Total,263.2,139.2,207.2,256.9,27.0,increase,25-50,2026-06-06
311,22,1,Indus at Tarbela,121.7,72.0,88.8,114.0,37.0,increase,25-50,2026-06-07
312,22,2,Kabul at Nowshera,46.8,22.6,47.3,57.3,-1.0,decrease,0-25,2026-06-07
313,22,3,Jhelum at Mangla,40.5,30.0,43.8,49.4,-8.0,decrease,0-25,2026-06-07
314,22,4,Chenab at Marala,31.5,21.7,30.1,42.1,5.0,increase,0-25,2026-06-07
315,22,5,Total,240.6,146.3,210.0,262.7,15.0,increase,0-25,2026-06-07
316,2,1,Indus at Tarbela,110.0,78.8,90.7,117.1,21.0,increase,0-25,2026-06-08
317,2,2,Kabul at Nowshera,43.2,24.7,46.6,58.5,-7.0,decrease,0-25,2026-06-08
318,2,3,Jhelum at Mangla,35.4,30.0,43.7,48.6,-19.0,decrease,0-25,2026-06-08
319,2,4,Chenab at Marala,30.1,21.0,30.5,42.7,-1.0,decrease,0-25,2026-06-08
320,2,5,Total,218.8,154.5,211.5,266.9,3.0,increase,0-25,2026-06-08
321,3,1,Indus at Tarbela,100.3,93.0,96.2,119.9,4.0,increase,0-25,2026-06-09
322,3,2,Kabul at Nowshera,43.0,26.0,44.8,58.4,-4.0,decrease,0-25,2026-06-09
323,3,3,Jhelum at Mangla,30.3,30.0,45.3,48.7,-33.0,decrease,25-50,2026-06-09
324,3,4,Chenab at Marala,26.0,26.7,34.2,43.5,-24.0,decrease,0-25,2026-06-09
325,3,5,Total,199.5,175.7,220.5,270.3,-10.0,decrease,0-25,2026-06-09
326,4,1,Indus at Tarbela,103.4,111.4,105.4,124.9,-2.0,decrease,0-25,2026-06-10
327,4,2,Kabul at Nowshera,44.5,25.5,44.8,59.5,-1.0,decrease,0-25,2026-06-10
328,4,3,Jhelum at Mangla,31.6,33.5,44.3,47.9,-29.0,decrease,25-50,2026-06-10
329,4,4,Chenab at Marala,27.1,31.4,36.6,45.0,-26.0,decrease,25-50,2026-06-10
330,4,5,Total,206.5,201.8,231.0,277.4,-11.0,decrease,0-25,2026-06-10
331,5,1,Indus at Tarbela,119.6,131.3,115.6,132.8,3.0,increase,0-25,2026-06-11
332,5,2,Kabul at Nowshera,45.0,25.7,46.1,60.3,-2.0,decrease,0-25,2026-06-11
333,5,3,Jhelum at Mangla,34.6,36.1,47.9,49.3,-28.0,decrease,25-50,2026-06-11
334,5,4,Chenab at Marala,29.8,48.5,42.8,48.5,-30.0,decrease,25-50,2026-06-11
335,5,5,Total,229.0,241.6,252.3,290.9,-9.0,decrease,0-25,2026-06-11
336,6,1,Indus at Tarbela,134.6,152.4,124.9,137.7,8.0,increase,0-25,2026-06-12
337,6,2,Kabul at Nowshera,49.0,26.5,48.7,62.8,1.0,increase,0-25,2026-06-12
338,6,3,Jhelum at Mangla,34.6,37.9,47.9,48.8,-28.0,decrease,25-50,2026-06-12
339,6,4,Chenab at Marala,34.7,53.8,45.4,48.7,-24.0,decrease,0-25,2026-06-12
340,6,5,Total,252.9,270.6,266.9,298.0,-5.0,decrease,0-25,2026-06-12
341,7,1,Indus at Tarbela,140.7,167.8,139.8,145.5,1.0,increase,0-25,2026-06-13
342,7,2,Kabul at Nowshera,49.6,26.9,50.9,63.2,-3.0,decrease,0-25,2026-06-13
343,7,3,Jhelum at Mangla,34.6,36.3,46.4,50.3,-25.0,decrease,0-25,2026-06-13
344,7,4,Chenab at Marala,38.2,59.4,44.5,46.7,-14.0,decrease,0-25,2026-06-13
345,7,5,Total,263.0,290.4,281.6,305.6,-7.0,decrease,0-25,2026-06-13
346,8,1,Indus at Tarbela,136.5,179.5,142.8,143.4,-4.0,decrease,0-25,2026-06-14
347,8,2,Kabul at Nowshera,51.2,26.0,53.0,61.9,-3.0,decrease,0-25,2026-06-14
348,8,3,Jhelum at Mangla,35.8,36.4,47.2,50.2,-24.0,decrease,0-25,2026-06-14
349,8,4,Chenab at Marala,34.4,63.0,47.4,48.0,-27.0,decrease,25-50,2026-06-14
350,8,5,Total,258.0,304.9,290.4,303.6,-11.0,decrease,0-25,2026-06-14
351,9,1,Indus at Tarbela,128.4,180.5,144.7,142.5,-11.0,decrease,0-25,2026-06-15
352,9,2,Kabul at Nowshera,49.7,25.2,54.6,60.8,-9.0,decrease,0-25,2026-06-15
353,9,3,Jhelum at Mangla,32.0,35.3,47.9,49.6,-33.0,decrease,25-50,2026-06-15
354,9,4,Chenab at Marala,31.1,63.6,46.4,48.9,-33.0,decrease,25-50,2026-06-15
355,9,5,Total,241.2,304.6,293.6,301.9,-18.0,decrease,0-25,2026-06-15
356,10,1,Indus at Tarbela,128.5,177.4,144.1,148.5,-11.0,decrease,0-25,2026-06-16
357,10,2,Kabul at Nowshera,49.1,23.2,53.5,60.4,-8.0,decrease,0-25,2026-06-16
358,10,3,Jhelum at Mangla,30.1,31.8,44.0,47.5,-32.0,decrease,25-50,2026-06-16
359,10,4,Chenab at Marala,27.2,61.6,45.8,48.8,-41.0,decrease,25-50,2026-06-16
360,10,5,Total,234.9,294.0,287.4,305.2,-18.0,decrease,0-25,2026-06-16
361,11,1,Indus at Tarbela,133.9,168.5,140.8,149.1,-5.0,decrease,0-25,2026-06-17
362,11,2,Kabul at Nowshera,50.1,22.1,52.7,60.3,-5.0,decrease,0-25,2026-06-17
363,11,3,Jhelum at Mangla,33.2,27.9,43.0,47.2,-23.0,decrease,0-25,2026-06-17
364,11,4,Chenab at Marala,25.2,57.5,45.3,50.3,-44.0,decrease,25-50,2026-06-17
365,11,5,Total,242.3,276.0,281.9,306.9,-14.0,decrease,0-25,2026-06-17
366,12,1,Indus at Tarbela,145.2,167.6,141.3,149.9,3.0,increase,0-25,2026-06-18
367,12,2,Kabul at Nowshera,50.8,21.0,49.9,58.5,2.0,increase,0-25,2026-06-18
368,12,3,Jhelum at Mangla,35.7,27.9,42.0,46.6,-15.0,decrease,0-25,2026-06-18
369,12,4,Chenab at Marala,26.6,51.4,45.8,50.3,-42.0,decrease,25-50,2026-06-18
370,12,5,Total,258.3,267.9,279.0,305.3,-7.0,decrease,0-25,2026-06-18
371,13,1,Indus at Tarbela,144.5,167.1,143.6,150.1,1.0,increase,0-25,2026-06-19
372,13,2,Kabul at Nowshera,52.6,20.7,50.3,59.6,5.0,increase,0-25,2026-06-19
373,13,3,Jhelum at Mangla,33.2,29.1,42.5,45.3,-22.0,decrease,0-25,2026-06-19
374,13,4,Chenab at Marala,28.4,53.5,48.9,52.3,-42.0,decrease,25-50,2026-06-19
375,13,5,Total,258.6,270.4,285.4,307.3,-9.0,decrease,0-25,2026-06-19
376,14,1,Indus at Tarbela,140.1,167.5,143.3,153.0,-2.0,decrease,0-25,2026-06-20
377,14,2,Kabul at Nowshera,50.7,20.8,50.7,59.7,0.0,neutral,0-25,2026-06-20
378,14,3,Jhelum at Mangla,35.7,27.0,45.2,47.2,-21.0,decrease,0-25,2026-06-20
379,14,4,Chenab at Marala,29.4,49.7,46.3,52.0,-36.0,decrease,25-50,2026-06-20
380,14,5,Total,255.9,265.1,285.5,311.8,-10.0,decrease,0-25,2026-06-20
381,15,1,Indus at Tarbela,129.6,174.5,143.0,154.3,-9.0,decrease,0-25,2026-06-21
382,15,2,Kabul at Nowshera,45.0,22.2,49.5,58.7,-9.0,decrease,0-25,2026-06-21
383,15,3,Jhelum at Mangla,29.3,29.4,42.5,45.3,-31.0,decrease,25-50,2026-06-21
384,15,4,Chenab at Marala,31.7,58.5,47.8,52.3,-34.0,decrease,25-50,2026-06-21
385,15,5,Total,235.6,284.6,282.8,310.5,-17.0,decrease,0-25,2026-06-21
386,43,1,Indus at Tarbela,120.7,193.6,143.0,155.0,-16.0,decrease,0-25,2026-06-22
387,43,2,Kabul at Nowshera,41.1,24.6,49.0,59.0,-16.0,decrease,0-25,2026-06-22
388,43,3,Jhelum at Mangla,26.8,34.3,42.7,45.9,-37.0,decrease,25-50,2026-06-22
389,43,4,Chenab at Marala,30.8,66.5,47.6,51.4,-35.0,decrease,25-50,2026-06-22
390,43,5,Total,219.4,319.0,282.3,311.3,-22.0,decrease,0-25,2026-06-22
391,45,1,Indus at Tarbela,113.5,212.4,148.0,156.3,-23.0,decrease,0-25,2026-06-23
392,45,2,Kabul at Nowshera,39.0,30.1,49.9,59.9,-22.0,decrease,0-25,2026-06-23
393,45,3,Jhelum at Mangla,26.0,38.0,50.1,48.6,-48.0,decrease,25-50,2026-06-23
394,45,4,Chenab at Marala,27.9,68.6,57.1,55.8,-51.0,decrease,>50,2026-06-23
395,45,5,Total,206.5,349.2,305.1,320.6,-32.0,decrease,25-50,2026-06-23
396,44,1,Indus at Tarbela,113.8,226.3,153.0,158.9,-26.0,decrease,25-50,2026-06-24
397,44,2,Kabul at Nowshera,37.3,31.9,52.1,60.5,-28.0,decrease,25-50,2026-06-24
398,44,3,Jhelum at Mangla,27.8,29.1,47.7,46.8,-42.0,decrease,25-50,2026-06-24
399,44,4,Chenab at Marala,27.2,61.9,47.7,49.7,-43.0,decrease,25-50,2026-06-24
400,44,5,Total,206.1,349.2,300.6,315.9,-31.0,decrease,25-50,2026-06-24
401,51,1,Indus at Tarbela,125.1,229.3,157.2,159.6,-20.0,decrease,0-25,2026-06-25
402,51,2,Kabul at Nowshera,37.2,31.4,49.2,60.0,-24.0,decrease,0-25,2026-06-25
403,51,3,Jhelum at Mangla,27.8,29.1,44.6,45.3,-38.0,decrease,25-50,2026-06-25
404,51,4,Chenab at Marala,23.8,72.9,54.6,55.5,-56.0,decrease,>50,2026-06-25
405,51,5,Total,213.9,362.8,305.6,320.4,-30.0,decrease,25-50,2026-06-25
406,50,1,Indus at Tarbela,139.1,255.6,167.9,167.0,-17.0,decrease,0-25,2026-06-26
407,50,2,Kabul at Nowshera,40.1,38.7,48.7,58.8,-18.0,decrease,0-25,2026-06-26
408,50,3,Jhelum at Mangla,37.9,43.8,48.7,46.7,-22.0,decrease,0-25,2026-06-26
409,50,4,Chenab at Marala,29.5,96.5,60.8,60.0,-51.0,decrease,>50,2026-06-26
410,50,5,Total,246.6,434.6,326.1,332.5,-24.0,decrease,0-25,2026-06-26
411,49,1,Indus at Tarbela,155.4,279.2,177.2,172.6,-12.0,decrease,0-25,2026-06-27
412,49,2,Kabul at Nowshera,42.0,46.0,51.8,58.8,-19.0,decrease,0-25,2026-06-27
413,49,3,Jhelum at Mangla,36.7,26.7,49.2,48.0,-25.0,decrease,0-25,2026-06-27
414,49,4,Chenab at Marala,38.8,97.7,69.9,65.1,-45.0,decrease,25-50,2026-06-27
415,49,5,Total,272.9,449.6,348.1,344.5,-22.0,decrease,0-25,2026-06-27
416,48,1,Indus at Tarbela,177.1,301.1,185.5,176.6,-5.0,decrease,0-25,2026-06-28
417,48,2,Kabul at Nowshera,46.6,50.0,52.1,57.9,-11.0,decrease,0-25,2026-06-28
418,48,3,Jhelum at Mangla,34.1,30.6,48.2,46.6,-29.0,decrease,25-50,2026-06-28
419,48,4,Chenab at Marala,43.9,80.5,59.9,60.1,-27.0,decrease,25-50,2026-06-28
420,48,5,Total,301.6,462.2,345.7,341.1,-13.0,decrease,0-25,2026-06-28
421,47,1,Indus at Tarbela,196.4,297.9,187.1,179.4,5.0,increase,0-25,2026-06-29
422,47,2,Kabul at Nowshera,46.2,62.0,54.5,58.9,-15.0,decrease,0-25,2026-06-29
423,47,3,Jhelum at Mangla,36.5,28.0,45.5,45.7,-20.0,decrease,0-25,2026-06-29
424,47,4,Chenab at Marala,53.2,79.7,61.0,64.8,-13.0,decrease,0-25,2026-06-29
425,47,5,Total,332.3,467.6,348.2,348.8,-5.0,decrease,0-25,2026-06-29
426,46,1,Indus at Tarbela,207.9,293.0,191.0,182.9,9.0,increase,0-25,2026-06-30
427,46,2,Kabul at Nowshera,47.3,55.2,55.9,59.8,-15.0,decrease,0-25,2026-06-30
428,46,3,Jhelum at Mangla,36.5,24.1,43.7,43.3,-16.0,decrease,0-25,2026-06-30
429,46,4,Chenab at Marala,51.9,78.8,65.2,71.9,-20.0,decrease,0-25,2026-06-30
430,46,5,Total,343.6,451.1,355.8,358.0,-3.0,decrease,0-25,2026-06-30
431,52,1,Indus at Tarbela,226.5,294.0,205.6,189.2,10.0,increase,0-25,2026-07-01
432,52,2,Kabul at Nowshera,48.0,51.3,54.2,58.1,-11.0,decrease,0-25,2026-07-01
433,52,3,Jhelum at Mangla,37.6,24.1,44.4,44.9,-15.0,decrease,0-25,2026-07-01
434,52,4,Chenab at Marala,63.7,80.5,70.3,76.6,-9.0,decrease,0-25,2026-07-01
435,52,5,Total,375.8,450.0,374.5,368.7,0.0,increase,0-25,2026-07-01
436,53,1,Indus at Tarbela,247.6,283.3,214.3,194.6,16.0,increase,0-25,2026-07-02
437,53,2,Kabul at Nowshera,48.4,49.0,54.2,56.4,-11.0,decrease,0-25,2026-07-02
438,53,3,Jhelum at Mangla,37.0,29.3,44.5,44.7,-17.0,decrease,0-25,2026-07-02
439,53,4,Chenab at Marala,75.2,70.3,72.6,72.9,4.0,increase,0-25,2026-07-02
440,53,5,Total,408.1,431.9,385.7,368.6,6.0,increase,0-25,2026-07-02
441,56,1,Indus at Tarbela,263.0,273.4,221.4,201.1,19.0,increase,0-25,2026-07-03
442,56,2,Kabul at Nowshera,55.0,49.1,54.7,56.3,1.0,increase,0-25,2026-07-03
443,56,3,Jhelum at Mangla,41.3,29.3,47.6,46.4,-13.0,decrease,0-25,2026-07-03
444,56,4,Chenab at Marala,73.1,71.8,70.8,70.1,3.0,increase,0-25,2026-07-03
445,56,5,Total,432.4,423.6,394.6,373.9,10.0,increase,0-25,2026-07-03
446,54,1,Indus at Tarbela,259.7,272.9,225.2,207.2,15.0,increase,0-25,2026-07-04
447,54,2,Kabul at Nowshera,57.1,45.2,55.3,58.5,3.0,increase,0-25,2026-07-04
448,54,3,Jhelum at Mangla,39.0,21.6,42.7,44.4,-9.0,decrease,0-25,2026-07-04
449,54,4,Chenab at Marala,69.0,69.3,73.4,72.5,-6.0,decrease,0-25,2026-07-04
450,54,5,Total,424.8,408.9,396.6,382.6,7.0,increase,0-25,2026-07-04
451,55,1,Indus at Tarbela,253.5,264.1,225.2,213.5,13.0,increase,0-25,2026-07-05
452,55,2,Kabul at Nowshera,57.9,43.0,54.3,59.8,7.0,increase,0-25,2026-07-05
453,55,3,Jhelum at Mangla,37.5,24.1,42.5,45.6,-12.0,decrease,0-25,2026-07-05
454,55,4,Chenab at Marala,76.2,74.1,76.6,75.2,-1.0,decrease,0-25,2026-07-05
455,55,5,Total,425.1,405.4,398.6,394.1,7.0,increase,0-25,2026-07-05
456,57,1,Indus at Tarbela,249.7,284.4,237.4,220.6,5.0,increase,0-25,2026-07-06
457,57,2,Kabul at Nowshera,54.6,41.9,55.9,59.7,-2.0,decrease,0-25,2026-07-06
458,57,3,Jhelum at Mangla,39.8,26.1,45.2,47.7,-12.0,decrease,0-25,2026-07-06
459,57,4,Chenab at Marala,70.8,95.0,81.5,77.3,-13.0,decrease,0-25,2026-07-06
460,57,5,Total,414.9,447.4,419.9,405.2,-1.0,decrease,0-25,2026-07-06
461,58,1,Indus at Tarbela,236.8,294.3,241.6,218.7,-2.0,decrease,0-25,2026-07-07
462,58,2,Kabul at Nowshera,49.9,43.8,58.1,60.7,-14.0,decrease,0-25,2026-07-07
463,58,3,Jhelum at Mangla,31.6,26.9,40.7,44.3,-22.0,decrease,0-25,2026-07-07
464,58,4,Chenab at Marala,67.3,102.5,78.8,73.8,-15.0,decrease,0-25,2026-07-07
465,58,5,Total,385.5,467.5,419.1,397.4,-8.0,decrease,0-25,2026-07-07
466,59,1,Indus at Tarbela,238.8,287.7,239.1,212.4,0.0,decrease,0-25,2026-07-08
467,59,2,Kabul at Nowshera,48.5,50.4,61.1,61.2,-21.0,decrease,0-25,2026-07-08
468,59,3,Jhelum at Mangla,31.8,22.0,43.0,43.4,-26.0,decrease,25-50,2026-07-08
469,59,4,Chenab at Marala,67.8,76.2,64.4,65.2,5.0,increase,0-25,2026-07-08
470,59,5,Total,386.9,436.3,407.6,382.2,-5.0,decrease,0-25,2026-07-08
471,84,1,Indus at Tarbela,232.1,305.7,224.1,205.5,4.0,increase,0-25,2026-07-09
472,84,2,Kabul at Nowshera,46.3,50.6,58.9,58.7,-21.0,decrease,0-25,2026-07-09
473,84,3,Jhelum at Mangla,27.1,24.8,48.6,46.2,-44.0,decrease,25-50,2026-07-09
474,84,4,Chenab at Marala,71.7,76.4,73.2,72.0,-2.0,decrease,0-25,2026-07-09
475,84,5,Total,377.2,457.4,404.7,382.4,-7.0,decrease,0-25,2026-07-09
476,86,1,Indus at Tarbela,213.7,326.3,218.9,205.0,-2.0,decrease,0-25,2026-07-10
477,86,2,Kabul at Nowshera,42.8,56.9,56.3,56.6,-24.0,decrease,0-25,2026-07-10
478,86,3,Jhelum at Mangla,31.8,38.7,41.3,44.0,-23.0,decrease,0-25,2026-07-10
479,86,4,Chenab at Marala,79.0,73.2,96.5,86.4,-18.0,decrease,0-25,2026-07-10
480,86,5,Total,367.3,495.1,413.0,392.0,-11.0,decrease,0-25,2026-07-10
481,88,1,Indus at Tarbela,200.4,309.1,218.1,212.9,-8.0,decrease,0-25,2026-07-11
482,88,2,Kabul at Nowshera,39.8,55.8,56.3,56.7,-29.0,decrease,25-50,2026-07-11
483,88,3,Jhelum at Mangla,26.0,24.8,41.2,44.1,-37.0,decrease,25-50,2026-07-11
484,88,4,Chenab at Marala,70.7,66.1,78.6,77.3,-10.0,decrease,0-25,2026-07-11
485,88,5,Total,336.9,455.7,394.2,391.0,-15.0,decrease,0-25,2026-07-11
486,61,1,Indus at Tarbela,199.1,280.7,210.3,215.6,-5.0,decrease,0-25,2026-07-12
487,61,2,Kabul at Nowshera,38.0,54.3,54.8,57.6,-31.0,decrease,25-50,2026-07-12
488,61,3,Jhelum at Mangla,35.9,29.0,38.2,43.7,-6.0,decrease,0-25,2026-07-12
489,61,4,Chenab at Marala,71.9,58.2,71.0,73.7,1.0,increase,0-25,2026-07-12
490,61,5,Total,344.9,422.1,374.3,390.6,-8.0,decrease,0-25,2026-07-12
491,60,1,Indus at Tarbela,211.0,216.9,196.7,212.0,7.0,increase,0-25,2026-07-13
492,60,2,Kabul at Nowshera,41.4,47.1,54.1,59.2,-24.0,decrease,0-25,2026-07-13
493,60,3,Jhelum at Mangla,38.9,23.4,40.3,43.5,-3.0,decrease,0-25,2026-07-13
494,60,4,Chenab at Marala,68.5,58.0,73.2,79.9,-6.0,decrease,0-25,2026-07-13
495,60,5,Total,359.9,345.4,364.3,394.6,-1.0,decrease,0-25,2026-07-13
496,100,1,Indus at Tarbela,213.6,213.7,196.5,217.1,9.0,increase,0-25,2026-07-14
497,100,2,Kabul at Nowshera,42.3,41.0,53.0,60.2,-20.0,decrease,0-25,2026-07-14
498,100,3,Jhelum at Mangla,27.4,17.8,41.9,45.4,-35.0,decrease,25-50,2026-07-14
499,100,4,Chenab at Marala,56.9,53.5,65.8,74.8,-14.0,decrease,0-25,2026-07-14
500,100,5,Total,340.2,326.0,357.2,397.5,-5.0,decrease,0-25,2026-07-14
